id,product_id,product_name,sku,category,units_sold,total_revenue,total_profit,avg_margin_pct,total_purchases,avg_cost,current_inventory
501,PRD-00000001,USB-C Cable,SKU-00001,Electronics,6300,79062.6,36241.600000000006,36.01,10,7.965000000000001,370
502,PRD-00000002,HDMI Cable 6ft,SKU-00002,Electronics,125392,928520.96,461839.68,45.540625,17,4.56764705882353,563
503,PRD-00000003,Wireless Mouse,SKU-00003,Electronics,75432,1716288.0,528687.36,33.45285714285715,12,14.445,254
504,PRD-00000004,Bluetooth Keyboard,SKU-00004,Electronics,14720,672840.0,482484.60000000003,49.98,20,27.706000000000003,1126
505,PRD-00000005,Webcam HD,SKU-00005,Electronics,19630,1671036.9,379327.52,39.186,13,50.1023076923077,242
506,PRD-00000006,USB Hub 7-Port,SKU-00006,Electronics,17017,609866.53,202437.29999999993,35.26142857142857,13,22.49846153846154,428
507,PRD-00000007,Ethernet Switch 8-Port,SKU-00007,Electronics,11520,1146781.2,752578.5,40.626666666666665,10,55.778,356
508,PRD-00000008,Power Strip 6-Outlet,SKU-00008,Electronics,59517,1017186.84,362293.80000000005,32.077777777777776,17,10.668823529411766,956
509,PRD-00000009,Surge Protector,SKU-00009,Electronics,54600,1567534.08,494489.87999999995,42.660000000000004,12,17.911666666666665,125
510,PRD-00000010,Laptop Stand,SKU-00010,Electronics,34000,1305248.0,461938.39999999997,36.217,10,22.613,192
511,PRD-00000011,A4 Paper Ream,SKU-00011,Office Supplies,33517,241163.89,147567.42,48.82636363636364,11,4.418181818181818,561
512,PRD-00000012,Ballpoint Pens 12-Pack,SKU-00012,Office Supplies,45210,259211.7,98572.8,44.080909090909095,10,3.71,265
513,PRD-00000013,Sticky Notes 3x3,SKU-00013,Office Supplies,35406,145664.82,54247.200000000004,31.72111111111111,14,2.5807142857142855,799
514,PRD-00000014,File Folders 100-Pack,SKU-00014,Office Supplies,55297,638036.63,189843.61000000002,33.799090909090914,11,7.363636363636363,378
515,PRD-00000015,Stapler Heavy Duty,SKU-00015,Office Supplies,18432,468609.12,150467.68000000005,29.75111111111111,8,16.77375,139
516,PRD-00000016,Paper Clips Box,SKU-00016,Office Supplies,30345,91024.5,28978.95,39.142857142857146,15,1.8339999999999999,941
517,PRD-00000017,Binder Clips Assorted,SKU-00017,Office Supplies,32400,116940.0,37848.0,28.99875,15,2.194,610
518,PRD-00000018,Desk Organizer,SKU-00018,Office Supplies,25200,505317.0,196117.68000000005,31.977999999999998,6,12.543333333333333,140
519,PRD-00000019,Whiteboard 24x36,SKU-00019,Office Supplies,28600,1530575.2,359352.4,35.69125,11,33.085454545454546,460
520,PRD-00000020,Dry Erase Markers,SKU-00020,Office Supplies,46256,350608.16,103236.0,31.625,14,4.615,319
521,PRD-00000021,SSD 500GB,SKU-00021,Computer Hardware,49368,4701553.56,1537834.32,37.445,11,60.39636363636363,503
522,PRD-00000022,RAM 16GB DDR4,SKU-00022,Computer Hardware,28710,2051661.6,1070049.42,45.706,9,45.04,189
523,PRD-00000023,Mechanical Keyboard,SKU-00023,Computer Hardware,18414,2194812.18,888738.8399999999,46.59444444444445,11,71.92636363636363,715
524,PRD-00000024,Monitor 27 inch,SKU-00024,Computer Hardware,32034,10004561.34,5607619.15,45.321666666666665,19,195.62736842105264,839
525,PRD-00000025,Graphics Card Entry,SKU-00025,Computer Hardware,8085,1773821.0,732170.88,47.434000000000005,7,129.92,301
526,PRD-00000026,CPU Cooler,SKU-00026,Computer Hardware,38280,1585174.8,437154.7,39.81,10,25.298,277
527,PRD-00000027,PC Case Mid Tower,SKU-00027,Computer Hardware,39975,2766195.9,824526.0000000001,27.09846153846154,15,41.50933333333333,459
528,PRD-00000028,Power Supply 650W,SKU-00028,Computer Hardware,31031,2375830.73,1052368.59,38.174285714285716,13,47.43692307692307,399
529,PRD-00000029,Motherboard B550,SKU-00029,Computer Hardware,24264,4728751.2,1479509.7599999998,40.39333333333334,12,120.94500000000001,783
530,PRD-00000030,NVMe Cable,SKU-00030,Computer Hardware,36864,453403.2,163492.2,36.03625,12,8.260833333333334,327
531,PRD-00000031,Drill Driver Cordless,SKU-00031,Tools,41850,6599568.15,2086157.5499999998,35.85111111111111,15,96.666,615
532,PRD-00000032,Socket Set 40-Piece,SKU-00032,Tools,9900,821565.45,284493.06000000006,33.896,9,48.60444444444444,456
533,PRD-00000033,Measuring Tape 25ft,SKU-00033,Tools,14716,216144.24,116128.35,40.8925,13,9.26,687
534,PRD-00000034,Level 24 inch,SKU-00034,Tools,4212,159500.52,34402.05000000001,37.51,9,22.795555555555556,193
535,PRD-00000035,Screwdriver Set 100pc,SKU-00035,Tools,17225,824200.65,174898.62,37.85,13,28.70769230769231,890
536,PRD-00000036,Wrench Set Adjustable,SKU-00036,Tools,22232,870742.88,786624.8,83.80428571428571,8,25.543750000000003,0
537,PRD-00000037,Pliers Set 5-Piece,SKU-00037,Tools,57564,1801201.32,680560.3799999999,33.63583333333333,9,19.566666666666666,373
538,PRD-00000038,Hammer 16oz,SKU-00038,Tools,54860,1075535.5,494540.8,44.650769230769235,10,12.041,417
539,PRD-00000039,Tape Measure Digital,SKU-00039,Tools,18678,506348.7,156522.96,39.96333333333334,11,16.357272727272726,243
540,PRD-00000040,Utility Knife,SKU-00040,Tools,33480,297584.28,72662.04000000001,32.06666666666666,9,5.622222222222222,260
541,PRD-00000041,USB-C Cable Plus,SKU-00041,Electronics,38880,420258.0,89441.99999999999,28.947,12,6.844166666666666,526
542,PRD-00000042,HDMI Cable 6ft HD,SKU-00042,Electronics,20304,193874.04,95129.01000000001,47.26833333333333,9,5.887777777777777,186
543,PRD-00000043,Wireless Mouse Plus,SKU-00043,Electronics,73872,2006669.7,1349900.64,45.01555555555556,18,16.41166666666667,904
544,PRD-00000044,Bluetooth Keyboard Plus,SKU-00044,Electronics,31428,1467762.1199999999,549149.76,31.465555555555557,9,29.395555555555553,362
545,PRD-00000045,Webcam HD Premium,SKU-00045,Electronics,18792,1531967.04,720326.48,34.342222222222226,8,52.35,607
546,PRD-00000046,USB Hub 7-Port Lite,SKU-00046,Electronics,44064,1365340.32,521784.0,41.32111111111111,16,18.99,944
547,PRD-00000047,Ethernet Switch 8-Port Lite,SKU-00047,Electronics,62424,4965395.04,1521930.0,30.226666666666667,12,49.90083333333333,382
548,PRD-00000048,Power Strip 6-Outlet Max,SKU-00048,Electronics,27584,555898.24,151452.0,39.2525,16,12.570625000000001,584
549,PRD-00000049,Surge Protector Plus,SKU-00049,Electronics,9800,303416.0,116945.40000000001,33.39,10,19.058,566
550,PRD-00000050,Laptop Stand XL,SKU-00050,Electronics,43340,1923793.3,575207.38,32.336,11,27.487272727272725,527
551,PRD-00000051,A4 Paper Ream HD,SKU-00051,Office Supplies,40768,283230.48,104253.76,36.496153846153845,8,4.31625,0
552,PRD-00000052,Ballpoint Pens 12-Pack Basic,SKU-00052,Office Supplies,39690,213673.95,110455.2,40.77142857142857,15,3.424,477
553,PRD-00000053,Sticky Notes 3x3 HD,SKU-00053,Office Supplies,65010,339459.45,186960.0,48.60545454545454,15,3.2346666666666666,926
554,PRD-00000054,File Folders 100-Pack Pro,SKU-00054,Office Supplies,89544,1040336.64,346978.07999999996,42.435,12,7.268333333333334,178
555,PRD-00000055,Stapler Heavy Duty Pro,SKU-00055,Office Supplies,57222,1481823.53,648609.4999999999,40.08,17,15.77235294117647,675
556,PRD-00000056,Paper Clips Box Basic,SKU-00056,Office Supplies,27951,74957.96,50922.85,45.93857142857143,11,1.6336363636363638,396
557,PRD-00000057,Binder Clips Assorted HD,SKU-00057,Office Supplies,13552,60042.64,22978.56,37.46714285714286,8,2.7325000000000004,85
558,PRD-00000058,Desk Organizer Lite,SKU-00058,Office Supplies,26040,464667.0,229723.20000000004,42.731428571428566,15,11.037333333333333,742
559,PRD-00000059,Whiteboard 24x36 Premium,SKU-00059,Office Supplies,32725,1511587.0,756954.22,36.81428571428572,11,28.115454545454547,130
560,PRD-00000060,Dry Erase Markers Premium,SKU-00060,Office Supplies,29330,233088.1,116486.09999999999,49.53642857142857,5,4.606,100
561,PRD-00000061,SSD 500GB XL,SKU-00061,Computer Hardware,45904,3735628.0,1519813.8,31.701249999999998,19,52.41315789473684,913
562,PRD-00000062,RAM 16GB DDR4 Max,SKU-00062,Computer Hardware,36288,2613821.7600000002,813151.9999999999,34.995,16,43.2725,942
563,PRD-00000063,Mechanical Keyboard Basic,SKU-00063,Computer Hardware,19680,2842567.68,1034937.6000000001,38.69083333333333,8,84.795,476
564,PRD-00000064,Monitor 27 inch Basic,SKU-00064,Computer Hardware,18396,6157445.49,1619546.6700000002,40.83111111111111,7,199.83142857142857,139
565,PRD-00000065,Graphics Card Entry XL,SKU-00065,Computer Hardware,46215,8988484.05,3694387.8400000003,34.526666666666664,13,119.50538461538461,454
566,PRD-00000066,CPU Cooler Plus,SKU-00066,Computer Hardware,23496,1108481.44,346587.55999999994,30.439999999999998,11,30.05909090909091,348
567,PRD-00000067,PC Case Mid Tower Plus,SKU-00067,Computer Hardware,47280,3288222.0,1320825.6,40.12666666666667,10,44.275999999999996,554
568,PRD-00000068,Power Supply 650W XL,SKU-00068,Computer Hardware,43008,4108992.16,1780295.9999999998,32.46857142857143,8,61.02375000000001,192
569,PRD-00000069,Motherboard B550 Basic,SKU-00069,Computer Hardware,40500,7162083.45,4945125.9,48.23888888888889,15,112.62866666666667,970
570,PRD-00000070,NVMe Cable Basic,SKU-00070,Computer Hardware,29520,350874.0,118780.2,30.921,9,7.254444444444445,215
571,PRD-00000071,Drill Driver Cordless Premium,SKU-00071,Tools,24024,3528985.46,633980.2000000001,27.64636363636364,7,94.24142857142856,563
572,PRD-00000072,Socket Set 40-Piece Pro,SKU-00072,Tools,50400,3985309.44,2086550.4,45.39571428571429,16,49.225625,960
573,PRD-00000073,Measuring Tape 25ft Plus,SKU-00073,Tools,35508,547671.96,199814.99999999997,41.942499999999995,11,9.586363636363636,386
574,PRD-00000074,Level 24 inch Max,SKU-00074,Tools,21216,787851.48,338847.6,48.45666666666666,13,21.627692307692307,514
575,PRD-00000075,Screwdriver Set 100pc Lite,SKU-00075,Tools,46585,2009598.25,549506.98,37.67999999999999,11,26.052727272727275,370
576,PRD-00000076,Wrench Set Adjustable Basic,SKU-00076,Tools,38250,1315729.8,526007.79,40.777,9,21.534444444444443,90
577,PRD-00000077,Pliers Set 5-Piece Pro,SKU-00077,Tools,16932,562247.46,291780.18,42.35666666666667,17,20.645882352941175,659
578,PRD-00000078,Hammer 16oz Max,SKU-00078,Tools,18036,403003.62,281507.4,47.888888888888886,6,13.706666666666667,181
579,PRD-00000079,Tape Measure Digital XL,SKU-00079,Tools,18424,447471.92,112543.2,33.95428571428572,8,15.290000000000001,501
580,PRD-00000080,Utility Knife Plus,SKU-00080,Tools,17776,174274.32,93058.02,47.79375,11,5.8145454545454545,396
581,PRD-00000081,USB-C Cable Max,SKU-00081,Electronics,47300,649316.7999999999,195780.19999999998,32.24272727272728,10,8.442,595
582,PRD-00000082,HDMI Cable 6ft HD,SKU-00082,Electronics,35550,285374.7,86155.65,34.373333333333335,15,4.7620000000000005,1090
583,PRD-00000083,Wireless Mouse XL,SKU-00083,Electronics,24794,594777.26,155115.80000000002,34.82272727272727,7,15.521428571428572,571
584,PRD-00000084,Bluetooth Keyboard Pro,SKU-00084,Electronics,81315,4054024.65,1818729.25,41.574666666666666,13,32.12769230769231,378
585,PRD-00000085,Webcam HD Premium,SKU-00085,Electronics,59472,3950519.04,1395951.0000000002,34.79416666666667,12,41.01833333333333,562
586,PRD-00000086,USB Hub 7-Port Lite,SKU-00086,Electronics,25760,984994.64,358692.83999999997,34.72785714285715,4,23.66,0
587,PRD-00000087,Ethernet Switch 8-Port Max,SKU-00087,Electronics,28728,2311954.56,566350.16,30.97,8,48.018750000000004,60
588,PRD-00000088,Power Strip 6-Outlet HD,SKU-00088,Electronics,37260,809298.9,243680.40000000002,39.17,9,13.588888888888889,109
589,PRD-00000089,Surge Protector Plus,SKU-00089,Electronics,33888,844714.56,281984.0,43.799166666666665,8,15.355,71
590,PRD-00000090,Laptop Stand Premium,SKU-00090,Electronics,16280,815419.2,253873.19999999998,31.646250000000002,5,28.990000000000002,0
591,PRD-00000091,A4 Paper Ream XL,SKU-00091,Office Supplies,77571,536127.15,197455.44,44.066153846153846,13,4.277692307692308,286
592,PRD-00000092,Ballpoint Pens 12-Pack Premium,SKU-00092,Office Supplies,37500,248191.5,120711.75,47.586,15,3.877333333333333,580
593,PRD-00000093,Sticky Notes 3x3 XL,SKU-00093,Office Supplies,23040,101399.04,36584.64,35.004444444444445,8,2.8425000000000002,227
594,PRD-00000094,File Folders 100-Pack Basic,SKU-00094,Office Supplies,41080,582884.9,284292.31999999995,40.336000000000006,13,8.858461538461539,504
595,PRD-00000095,Stapler Heavy Duty HD,SKU-00095,Office Supplies,26664,686585.46,167935.68000000002,37.285000000000004,11,16.333636363636362,514
596,PRD-00000096,Paper Clips Box Basic,SKU-00096,Office Supplies,48636,163117.08,56361.759999999995,29.918888888888887,14,2.0771428571428574,352
597,PRD-00000097,Binder Clips Assorted Lite,SKU-00097,Office Supplies,55512,209028.6,69076.8,42.292222222222215,12,2.3766666666666665,145
598,PRD-00000098,Desk Organizer Premium,SKU-00098,Office Supplies,5820,98484.6,48459.600000000006,41.825,5,10.168000000000001,263
599,PRD-00000099,Whiteboard 24x36 HD,SKU-00099,Office Supplies,13104,516448.24,164396.16,46.09142857142857,8,25.37875,354
600,PRD-00000100,Dry Erase Markers Pro,SKU-00100,Office Supplies,19998,181145.58,42108.0,32.5,11,5.471818181818182,631
601,PRD-00000101,SSD 500GB HD,SKU-00101,Computer Hardware,20416,1843738.5999999999,589719.9,39.48,11,54.763636363636365,471
602,PRD-00000102,RAM 16GB DDR4 Pro,SKU-00102,Computer Hardware,39800,2346553.0,1069230.9,45.03,10,34.338,237
603,PRD-00000103,Mechanical Keyboard Pro,SKU-00103,Computer Hardware,19152,2120301.12,848139.8399999999,41.955714285714286,12,73.62333333333333,604
604,PRD-00000104,Monitor 27 inch Pro,SKU-00104,Computer Hardware,26576,10074261.12,4091980.0,35.16,8,220.39625,132
605,PRD-00000105,Graphics Card Entry Plus,SKU-00105,Computer Hardware,41690,8309131.6,2483541.9,38.122727272727275,10,120.00899999999999,413
606,PRD-00000106,CPU Cooler Max,SKU-00106,Computer Hardware,13680,646107.48,447667.2,45.502500000000005,9,27.60111111111111,0
607,PRD-00000107,PC Case Mid Tower HD,SKU-00107,Computer Hardware,31200,2393577.68,1034224.75,34.4975,13,47.77307692307692,955
608,PRD-00000108,Power Supply 650W Premium,SKU-00108,Computer Hardware,10584,849528.0,157362.03000000003,30.335,9,52.49666666666666,264
609,PRD-00000109,Motherboard B550 Premium,SKU-00109,Computer Hardware,15890,3052589.4,1100491.21,46.422000000000004,7,118.54714285714286,156
610,PRD-00000110,NVMe Cable HD,SKU-00110,Computer Hardware,61100,680340.7,252265.19999999998,47.79615384615385,10,6.974,274
611,PRD-00000111,Drill Driver Cordless Basic,SKU-00111,Tools,15162,2088702.42,1038720.48,42.218333333333334,7,79.23571428571428,344
612,PRD-00000112,Socket Set 40-Piece Basic,SKU-00112,Tools,33600,2547541.6,671890.0000000001,39.62,10,46.883,382
613,PRD-00000113,Measuring Tape 25ft Pro,SKU-00113,Tools,13040,199879.6,78188.80000000002,32.584,8,9.395,238
614,PRD-00000114,Level 24 inch Plus,SKU-00114,Tools,14896,441852.32,178865.91999999998,47.37571428571429,8,16.5625,128
615,PRD-00000115,Screwdriver Set 100pc Lite,SKU-00115,Tools,2828,153419.0,105924.0,42.7375,7,30.99857142857143,566
616,PRD-00000116,Wrench Set Adjustable Plus,SKU-00116,Tools,40824,1459363.68,429592.0,33.55111111111111,8,22.225,355
617,PRD-00000117,Pliers Set 5-Piece HD,SKU-00117,Tools,14400,432922.39999999997,120988.8,29.7125,10,18.184,316
618,PRD-00000118,Hammer 16oz XL,SKU-00118,Tools,64233,1210682.07,208847.34000000003,36.933076923076925,9,11.595555555555556,141
619,PRD-00000119,Tape Measure Digital Max,SKU-00119,Tools,11448,273433.86,52151.579999999994,26.673333333333332,9,14.722222222222221,167
620,PRD-00000120,Utility Knife Plus,SKU-00120,Tools,32508,281806.56,128313.08000000002,41.735,14,5.217857142857143,748
621,PRD-00000121,USB-C Cable Plus,SKU-00121,Electronics,87945,952697.85,384183.3,38.76923076923077,15,6.626666666666667,395
622,PRD-00000122,HDMI Cable 6ft Pro,SKU-00122,Electronics,60489,606624.59,306275.32,43.732727272727274,13,6.213076923076923,370
623,PRD-00000123,Wireless Mouse HD,SKU-00123,Electronics,9339,198874.17,76839.84000000001,33.61,11,13.778181818181817,290
624,PRD-00000124,Bluetooth Keyboard Premium,SKU-00124,Electronics,109410,5320843.5,1707697.0399999996,31.572000000000003,14,30.485714285714284,640
625,PRD-00000125,Webcam HD Basic,SKU-00125,Electronics,15666,1362910.08,359962.19,37.22,7,52.73571428571429,119
626,PRD-00000126,USB Hub 7-Port XL,SKU-00126,Electronics,63336,2081046.24,950292.0,42.21,14,19.814285714285713,698
627,PRD-00000127,Ethernet Switch 8-Port Basic,SKU-00127,Electronics,69384,5614064.4,2816623.68,41.55214285714286,12,51.7625,376
628,PRD-00000128,Power Strip 6-Outlet Premium,SKU-00128,Electronics,59085,1059052.8,236180.09999999998,33.35615384615384,15,11.043999999999999,812
629,PRD-00000129,Surge Protector Premium,SKU-00129,Electronics,18144,486958.08,154448.4,42.04,12,16.14,726
630,PRD-00000130,Laptop Stand Max,SKU-00130,Electronics,69760,2837378.56,1078480.8,38.693125,8,25.11,181
631,PRD-00000131,A4 Paper Ream Pro,SKU-00131,Office Supplies,39680,322936.32,119647.36,44.12375,16,4.923125,1235
632,PRD-00000132,Ballpoint Pens 12-Pack Pro,SKU-00132,Office Supplies,59400,378581.28,104331.04000000001,31.890833333333333,11,3.869090909090909,317
633,PRD-00000133,Sticky Notes 3x3 Pro,SKU-00133,Office Supplies,37422,154967.89,42865.200000000004,39.33,7,2.62,255
634,PRD-00000134,File Folders 100-Pack Premium,SKU-00134,Office Supplies,36630,466791.93,131489.05000000002,29.64888888888889,11,7.609999999999999,428
635,PRD-00000135,Stapler Heavy Duty XL,SKU-00135,Office Supplies,42900,898053.0,459268.6,45.884,10,12.503,427
636,PRD-00000136,Paper Clips Box Plus,SKU-00136,Office Supplies,24255,77048.73,42590.880000000005,48.95454545454545,9,1.9044444444444444,563
637,PRD-00000137,Binder Clips Assorted Plus,SKU-00137,Office Supplies,23232,89729.64,19871.280000000002,26.450000000000003,11,2.4472727272727273,583
638,PRD-00000138,Desk Organizer HD,SKU-00138,Office Supplies,62860,1167574.8,634649.6,43.85285714285714,10,11.589,255
639,PRD-00000139,Whiteboard 24x36 HD,SKU-00139,Office Supplies,9540,473483.39999999997,152981.75999999998,39.30200000000001,12,30.945,386
640,PRD-00000140,Dry Erase Markers Pro,SKU-00140,Office Supplies,30942,279956.25,99754.2,31.48777777777778,9,5.437777777777778,718
641,PRD-00000141,SSD 500GB Basic,SKU-00141,Computer Hardware,39165,3553382.7,1003655.4,29.92142857142857,15,57.092,581
642,PRD-00000142,RAM 16GB DDR4 Lite,SKU-00142,Computer Hardware,27000,2058741.6,702329.5,45.835,10,48.800999999999995,203
643,PRD-00000143,Mechanical Keyboard HD,SKU-00143,Computer Hardware,65219,8614516.35,3235095.5999999996,43.122727272727275,11,81.29363636363637,196
644,PRD-00000144,Monitor 27 inch Lite,SKU-00144,Computer Hardware,59400,18467380.5,10132858.399999999,42.303999999999995,10,201.168,102
645,PRD-00000145,Graphics Card Entry Basic,SKU-00145,Computer Hardware,30429,5295417.75,2195832.2399999998,38.737142857142864,9,106.08222222222223,401
646,PRD-00000146,CPU Cooler Max,SKU-00146,Computer Hardware,37296,1642848.48,778392.0,40.675,12,27.2,808
647,PRD-00000147,PC Case Mid Tower Plus,SKU-00147,Computer Hardware,16632,1092036.96,599307.12,37.354285714285716,12,39.34166666666667,702
648,PRD-00000148,Power Supply 650W Plus,SKU-00148,Computer Hardware,42120,3207373.2,1413581.76,43.879,9,46.11666666666667,176
649,PRD-00000149,Motherboard B550 HD,SKU-00149,Computer Hardware,21240,3794636.7,2846301.9,47.18166666666667,15,107.28133333333334,594
650,PRD-00000150,NVMe Cable XL,SKU-00150,Computer Hardware,29680,426706.0,166582.50000000003,43.353,14,8.769285714285713,673
651,PRD-00000151,Drill Driver Cordless Plus,SKU-00151,Tools,22400,3666294.8,1292310.6,29.813000000000002,7,100.17857142857143,501
652,PRD-00000152,Socket Set 40-Piece Lite,SKU-00152,Tools,13860,999554.5,205480.79999999996,29.332857142857144,10,44.778000000000006,432
653,PRD-00000153,Measuring Tape 25ft Premium,SKU-00153,Tools,20295,328532.49,158641.44999999998,44.184444444444445,11,9.461818181818181,190
654,PRD-00000154,Level 24 inch Max,SKU-00154,Tools,12670,442219.4,109914.00000000001,29.796,14,21.987142857142857,764
655,PRD-00000155,Screwdriver Set 100pc Pro,SKU-00155,Tools,38720,1979200.3,820507.7999999999,33.880909090909086,10,31.644,212
656,PRD-00000156,Wrench Set Adjustable Max,SKU-00156,Tools,58680,2534773.2,1155912.4999999998,43.10166666666666,10,26.221,456
657,PRD-00000157,Pliers Set 5-Piece Plus,SKU-00157,Tools,19344,636393.6,189831.6,31.99625,6,21.740000000000002,549
658,PRD-00000158,Hammer 16oz XL,SKU-00158,Tools,80400,1459308.0,301962.39999999997,30.782000000000004,16,11.304375,960
659,PRD-00000159,Tape Measure Digital Plus,SKU-00159,Tools,66066,1708074.94,604495.43,39.49769230769231,11,16.104545454545455,333
660,PRD-00000160,Utility Knife XL,SKU-00160,Tools,10992,87940.8,33125.52,40.17375,6,5.19,244
661,PRD-00000161,USB-C Cable HD,SKU-00161,Electronics,52200,703542.0,247142.99999999997,36.278999999999996,10,8.507,612
662,PRD-00000162,HDMI Cable 6ft HD,SKU-00162,Electronics,43560,402238.1,106876.87999999999,28.033,11,5.79909090909091,804
663,PRD-00000163,Wireless Mouse Max,SKU-00163,Electronics,45232,1091504.48,526640.64,35.70272727272727,8,14.8725,195
664,PRD-00000164,Bluetooth Keyboard Max,SKU-00164,Electronics,31031,1684311.72,520905.84,45.43571428571428,13,34.177692307692304,569
665,PRD-00000165,Webcam HD Pro,SKU-00165,Electronics,52920,3644886.0,786326.76,31.078999999999997,12,40.99666666666667,640
666,PRD-00000166,USB Hub 7-Port Basic,SKU-00166,Electronics,23712,884795.6,445545.36000000004,46.824999999999996,13,22.515384615384615,987
667,PRD-00000167,Ethernet Switch 8-Port Pro,SKU-00167,Electronics,46060,3472288.4,1494922.6599999997,35.919,14,46.92785714285714,531
668,PRD-00000168,Power Strip 6-Outlet XL,SKU-00168,Electronics,35424,699014.88,159647.04,38.63444444444444,12,12.45,767
669,PRD-00000169,Surge Protector Max,SKU-00169,Electronics,33096,865403.28,313884.69,28.25916666666667,7,15.221428571428572,160
670,PRD-00000170,Laptop Stand Premium,SKU-00170,Electronics,22032,994487.04,546111.72,35.542500000000004,9,28.473333333333333,399
671,PRD-00000171,A4 Paper Ream Basic,SKU-00171,Office Supplies,18109,146410.81,55130.4,46.68,13,4.825384615384615,1008
672,PRD-00000172,Ballpoint Pens 12-Pack Plus,SKU-00172,Office Supplies,56980,290458.3,71555.99999999999,46.029090909090904,10,3.121,403
673,PRD-00000173,Sticky Notes 3x3 XL,SKU-00173,Office Supplies,53820,264570.93,74605.96,39.80444444444444,13,2.943846153846154,480
674,PRD-00000174,File Folders 100-Pack Lite,SKU-00174,Office Supplies,23672,308293.04,89205.37999999999,41.00625,11,8.006363636363636,1006
675,PRD-00000175,Stapler Heavy Duty XL,SKU-00175,Office Supplies,41216,972811.84,552970.88,39.105000000000004,14,14.163571428571428,502
676,PRD-00000176,Paper Clips Box Pro,SKU-00176,Office Supplies,21000,58562.4,15087.239999999998,36.937999999999995,12,1.7425000000000002,820
677,PRD-00000177,Binder Clips Assorted Pro,SKU-00177,Office Supplies,28800,126471.0,54640.0,35.859,10,2.797,545
678,PRD-00000178,Desk Organizer HD,SKU-00178,Office Supplies,63210,1286907.3,351798.3,34.27571428571429,15,12.454666666666666,874
679,PRD-00000179,Whiteboard 24x36 Plus,SKU-00179,Office Supplies,28269,1321414.56,326117.87999999995,35.52,9,29.505555555555556,586
680,PRD-00000180,Dry Erase Markers Basic,SKU-00180,Office Supplies,4752,47371.200000000004,14019.500000000004,38.185,2,6.38,0
681,PRD-00000181,SSD 500GB XL,SKU-00181,Computer Hardware,57820,5670715.4,2062115.9999999998,44.76,10,59.334,128
682,PRD-00000182,RAM 16GB DDR4 HD,SKU-00182,Computer Hardware,12870,992992.0,186702.56000000003,30.041999999999998,11,47.70090909090909,821
683,PRD-00000183,Mechanical Keyboard XL,SKU-00183,Computer Hardware,12768,1804798.24,307135.36,32.89,14,84.25714285714285,437
684,PRD-00000184,Monitor 27 inch Pro,SKU-00184,Computer Hardware,10000,3015901.5,742278.4000000001,47.496,10,188.04600000000002,595
685,PRD-00000185,Graphics Card Entry Lite,SKU-00185,Computer Hardware,34776,7299962.04,1924718.0399999998,30.363333333333333,7,131.92857142857142,283
686,PRD-00000186,CPU Cooler Basic,SKU-00186,Computer Hardware,16590,807004.8,310866.75000000006,46.01428571428571,15,30.405333333333335,392
687,PRD-00000187,PC Case Mid Tower HD,SKU-00187,Computer Hardware,5970,426109.5,41407.799999999996,44.379999999999995,10,44.463,736
688,PRD-00000188,Power Supply 650W Plus,SKU-00188,Computer Hardware,27690,2288107.38,942208.5,39.78230769230769,6,53.455,302
689,PRD-00000189,Motherboard B550 Pro,SKU-00189,Computer Hardware,10500,2037880.74,1116586.2400000002,41.735,7,114.59857142857143,52
690,PRD-00000190,NVMe Cable HD,SKU-00190,Computer Hardware,26688,309991.04,101394.72,34.71875,8,7.28625,282
691,PRD-00000191,Drill Driver Cordless Premium,SKU-00191,Tools,24930,3439570.5,1468000.53,43.852,9,84.13444444444444,419
692,PRD-00000192,Socket Set 40-Piece HD,SKU-00192,Tools,51012,3696622.8,1651770.12,44.86500000000001,13,42.37461538461538,188
693,PRD-00000193,Measuring Tape 25ft HD,SKU-00193,Tools,24416,344706.88,169725.28,40.861428571428576,16,8.96875,687
694,PRD-00000194,Level 24 inch Max,SKU-00194,Tools,48708,1822089.72,801068.4,41.479166666666664,11,24.076363636363634,631
695,PRD-00000195,Screwdriver Set 100pc Max,SKU-00195,Tools,33488,1521033.1500000001,534720.3400000001,30.897692307692306,7,29.767142857142858,202
696,PRD-00000196,Wrench Set Adjustable Basic,SKU-00196,Tools,18536,756259.28,382989.88,37.63875,7,24.59428571428571,214
697,PRD-00000197,Pliers Set 5-Piece Lite,SKU-00197,Tools,9950,320791.5,184700.6,36.888,10,19.53,221
698,PRD-00000198,Hammer 16oz Plus,SKU-00198,Tools,7602,164495.52,171812.06999999998,63.27428571428571,3,13.896666666666667,0
699,PRD-00000199,Tape Measure Digital Max,SKU-00199,Tools,35805,764549.1,218718.90000000002,31.457142857142856,15,13.953333333333333,651
700,PRD-00000200,Utility Knife Max,SKU-00200,Tools,29502,221108.58000000002,45195.48,33.16444444444444,11,4.574545454545454,552
701,PRD-00000201,USB-C Cable Basic,SKU-00201,Electronics,76020,915690.3,373650.2,37.59933333333333,14,7.4278571428571425,623
702,PRD-00000202,HDMI Cable 6ft Lite,SKU-00202,Electronics,80275,682276.66,153025.6,26.439230769230768,13,5.186923076923077,530
703,PRD-00000203,Wireless Mouse Plus,SKU-00203,Electronics,18468,416287.08,100442.15999999999,32.5,12,13.959166666666667,328
704,PRD-00000204,Bluetooth Keyboard HD,SKU-00204,Electronics,28688,1290696.0,542737.58,39.38875,11,27.314545454545453,186
705,PRD-00000205,Webcam HD Basic,SKU-00205,Electronics,59664,3959507.64,1355255.22,30.34916666666667,11,41.10363636363636,497
706,PRD-00000206,USB Hub 7-Port HD,SKU-00206,Electronics,29440,962332.16,266330.88,33.68625,16,20.585625,532
707,PRD-00000207,Ethernet Switch 8-Port Plus,SKU-00207,Electronics,14760,1393871.76,405239.76,35.29125,9,60.67333333333333,828
708,PRD-00000208,Power Strip 6-Outlet Lite,SKU-00208,Electronics,77022,1564689.06,546717.6,39.70909090909091,18,12.934444444444445,1036
709,PRD-00000209,Surge Protector Plus,SKU-00209,Electronics,25830,811090.8,154881.0,43.587777777777774,10,19.698,238
710,PRD-00000210,Laptop Stand Max,SKU-00210,Electronics,38610,1744092.9,660213.0,35.35545454545454,9,28.135555555555555,154
711,PRD-00000211,A4 Paper Ream Basic,SKU-00211,Office Supplies,29880,221973.12,127071.18,48.31916666666667,6,4.223333333333334,410
712,PRD-00000212,Ballpoint Pens 12-Pack Max,SKU-00212,Office Supplies,84420,493201.8,190713.75,33.815,15,3.6546666666666665,766
713,PRD-00000213,Sticky Notes 3x3 HD,SKU-00213,Office Supplies,17754,83949.36,35654.85,42.98166666666666,11,2.9954545454545456,711
714,PRD-00000214,File Folders 100-Pack Basic,SKU-00214,Office Supplies,14280,187879.2,70513.92,42.442,6,7.84,193
715,PRD-00000215,Stapler Heavy Duty XL,SKU-00215,Office Supplies,63036,1590650.73,425034.0,33.62555555555556,17,15.540000000000001,1053
716,PRD-00000216,Paper Clips Box Max,SKU-00216,Office Supplies,48048,131241.11000000002,49292.100000000006,39.73727272727273,13,1.7207692307692308,502
717,PRD-00000217,Binder Clips Assorted Pro,SKU-00217,Office Supplies,45292,162229.86,70248.36,41.40538461538461,13,2.19,142
718,PRD-00000218,Desk Organizer HD,SKU-00218,Office Supplies,22080,414907.2,168189.0,29.348333333333333,10,11.419,486
719,PRD-00000219,Whiteboard 24x36 Lite,SKU-00219,Office Supplies,14256,691784.28,331987.68,36.763333333333335,9,29.39777777777778,356
720,PRD-00000220,Dry Erase Markers Premium,SKU-00220,Office Supplies,27180,250065.0,115023.3,44.94888888888889,10,5.435,357
721,PRD-00000221,SSD 500GB Premium,SKU-00221,Computer Hardware,72800,7003176.7,2268594.5999999996,33.97,10,58.149,220
722,PRD-00000222,RAM 16GB DDR4 XL,SKU-00222,Computer Hardware,23840,1708500.0,664355.9,46.60125000000001,10,42.591,343
723,PRD-00000223,Mechanical Keyboard Max,SKU-00223,Computer Hardware,42876,5274002.88,1677445.3799999997,29.86583333333333,9,79.7088888888889,135
724,PRD-00000224,Monitor 27 inch Lite,SKU-00224,Computer Hardware,34650,10465310.9,4693273.749999999,33.921,11,188.35636363636362,392
725,PRD-00000225,Graphics Card Entry HD,SKU-00225,Computer Hardware,27170,5457288.2,1474473.0000000002,32.412,13,127.24076923076923,811
726,PRD-00000226,CPU Cooler HD,SKU-00226,Computer Hardware,28784,1381722.72,540728.86,43.6925,14,30.770714285714288,993
727,PRD-00000227,PC Case Mid Tower XL,SKU-00227,Computer Hardware,51720,3417696.0,774420.7499999999,36.93625,15,42.355333333333334,904
728,PRD-00000228,Power Supply 650W HD,SKU-00228,Computer Hardware,53568,5394759.84,2520921.6000000006,37.01,16,63.803125,666
729,PRD-00000229,Motherboard B550 Plus,SKU-00229,Computer Hardware,24057,4120029.54,3012251.0,46.85444444444445,11,105.00727272727272,792
730,PRD-00000230,NVMe Cable HD,SKU-00230,Computer Hardware,40680,552736.8,158373.0,34.805,15,8.437333333333333,468
731,PRD-00000231,Drill Driver Cordless Basic,SKU-00231,Tools,25272,3632579.34,2578438.98,48.13,13,91.34461538461538,1241
732,PRD-00000232,Socket Set 40-Piece HD,SKU-00232,Tools,38400,2670824.4,1338800.4,41.697,12,41.10166666666667,690
733,PRD-00000233,Measuring Tape 25ft Pro,SKU-00233,Tools,11550,190629.9,37139.299999999996,27.676666666666666,10,10.215,475
734,PRD-00000234,Level 24 inch Plus,SKU-00234,Tools,30400,1134846.0,553890.6,40.996,10,24.2,191
735,PRD-00000235,Screwdriver Set 100pc HD,SKU-00235,Tools,100100,4413714.76,1951548.04,33.88928571428572,13,25.839999999999996,138
736,PRD-00000236,Wrench Set Adjustable Premium,SKU-00236,Tools,7980,260250.48,97297.20000000001,33.45333333333333,14,20.865,820
737,PRD-00000237,Pliers Set 5-Piece HD,SKU-00237,Tools,80432,2635540.16,1040623.3599999999,45.74545454545454,16,20.054375,883
738,PRD-00000238,Hammer 16oz Plus,SKU-00238,Tools,20230,381463.6,119850.00000000001,41.38428571428571,10,11.485,310
739,PRD-00000239,Tape Measure Digital Premium,SKU-00239,Tools,815,20900.1,8775.0,34.29,5,15.51,317
740,PRD-00000240,Utility Knife Lite,SKU-00240,Tools,13520,129899.9,14040.000000000002,34.594,13,6.302307692307692,817
741,PRD-00000241,USB-C Cable Premium,SKU-00241,Electronics,18156,238952.34,97120.32,47.62666666666667,17,8.16764705882353,1389
742,PRD-00000242,HDMI Cable 6ft Basic,SKU-00242,Electronics,37284,351048.36,106476.88999999998,29.63,13,5.936153846153847,712
743,PRD-00000243,Wireless Mouse Premium,SKU-00243,Electronics,36234,988969.41,261907.25,37.733333333333334,11,16.755454545454544,229
744,PRD-00000244,Bluetooth Keyboard Premium,SKU-00244,Electronics,20244,955021.2000000001,372254.4000000001,38.370000000000005,12,29.34,619
745,PRD-00000245,Webcam HD HD,SKU-00245,Electronics,31570,2593383.1,892342.8,34.46090909090909,10,51.492000000000004,383
746,PRD-00000246,USB Hub 7-Port Max,SKU-00246,Electronics,31626,1163399.58,584433.36,34.94,14,22.177857142857142,849
747,PRD-00000247,Ethernet Switch 8-Port Premium,SKU-00247,Electronics,29250,2690892.0,1037664.81,32.906,9,58.574444444444445,380
748,PRD-00000248,Power Strip 6-Outlet Max,SKU-00248,Electronics,34720,663652.0,211332.24,34.36,8,11.8225,318
749,PRD-00000249,Surge Protector Max,SKU-00249,Electronics,67704,1754389.0,624718.5,44.37615384615385,14,16.873571428571427,963
750,PRD-00000250,Laptop Stand Lite,SKU-00250,Electronics,41860,1795502.8,443869.4,28.756000000000004,13,27.110769230769233,523
751,PRD-00000251,A4 Paper Ream Plus,SKU-00251,Office Supplies,52000,360249.5,161601.44,32.461999999999996,13,4.211538461538462,469
752,PRD-00000252,Ballpoint Pens 12-Pack HD,SKU-00252,Office Supplies,43758,244837.88999999998,81400.68,29.513636363636362,9,3.6322222222222225,259
753,PRD-00000253,Sticky Notes 3x3 XL,SKU-00253,Office Supplies,66794,345907.38,151945.82,37.30428571428572,13,3.255384615384615,697
754,PRD-00000254,File Folders 100-Pack Plus,SKU-00254,Office Supplies,33891,422633.64,165189.44,42.053636363636365,13,7.470000000000001,688
755,PRD-00000255,Stapler Heavy Duty Lite,SKU-00255,Office Supplies,34020,832000.5,264674.4,36.065555555555555,10,15.252999999999998,413
756,PRD-00000256,Paper Clips Box Basic,SKU-00256,Office Supplies,11271,28147.08,22538.88,46.379999999999995,13,1.4592307692307693,621
757,PRD-00000257,Binder Clips Assorted Basic,SKU-00257,Office Supplies,31900,121189.2,38378.34000000001,38.027,11,2.2618181818181817,495
758,PRD-00000258,Desk Organizer Pro,SKU-00258,Office Supplies,100980,2210785.06,566506.3,47.32272727272728,17,13.714117647058824,1090
759,PRD-00000259,Whiteboard 24x36 Basic,SKU-00259,Office Supplies,50292,2438511.57,951552.0,37.92272727272727,9,30.93111111111111,422
760,PRD-00000260,Dry Erase Markers Lite,SKU-00260,Office Supplies,47736,392736.24,93316.07999999999,28.67076923076923,12,5.136666666666667,814
761,PRD-00000261,SSD 500GB Basic,SKU-00261,Computer Hardware,18480,1735695.3599999999,476766.0,30.051428571428566,12,59.06416666666667,455
762,PRD-00000262,RAM 16GB DDR4 Basic,SKU-00262,Computer Hardware,57255,3967712.1,2196457.1999999997,42.373636363636365,15,42.22533333333333,718
763,PRD-00000263,Mechanical Keyboard HD,SKU-00263,Computer Hardware,34307,4291000.35,1280438.64,32.65714285714286,13,78.35846153846154,828
764,PRD-00000264,Monitor 27 inch Max,SKU-00264,Computer Hardware,26208,8888641.2,5270482.8,45.620000000000005,9,204.96111111111114,429
765,PRD-00000265,Graphics Card Entry Pro,SKU-00265,Computer Hardware,49720,9337842.8,3778324.2200000007,34.302,11,112.05909090909091,353
766,PRD-00000266,CPU Cooler Basic,SKU-00266,Computer Hardware,1410,68194.05,16187.400000000003,31.869999999999997,5,32.093999999999994,39
767,PRD-00000267,PC Case Mid Tower Premium,SKU-00267,Computer Hardware,41800,3648728.16,1018585.92,41.6875,11,52.86272727272728,136
768,PRD-00000268,Power Supply 650W Pro,SKU-00268,Computer Hardware,21240,2042200.0799999998,922474.9799999997,31.491249999999997,9,61.34777777777778,563
769,PRD-00000269,Motherboard B550 Pro,SKU-00269,Computer Hardware,6357,982538.31,506535.1200000001,49.08,13,94.15076923076923,562
770,PRD-00000270,NVMe Cable Basic,SKU-00270,Computer Hardware,28700,316013.60000000003,116322.8,37.74285714285714,10,6.821,127
771,PRD-00000271,Drill Driver Cordless Premium,SKU-00271,Tools,13770,1796491.44,557688.06,30.2,9,87.27444444444444,620
772,PRD-00000272,Socket Set 40-Piece Max,SKU-00272,Tools,14905,1103638.8,375823.8,38.88,11,47.35363636363637,732
773,PRD-00000273,Measuring Tape 25ft HD,SKU-00273,Tools,14904,215271.36000000002,72182.88000000002,42.588750000000005,9,8.47111111111111,843
774,PRD-00000274,Level 24 inch Lite,SKU-00274,Tools,8232,298962.16000000003,83745.59999999999,34.59571428571428,8,22.9875,358
775,PRD-00000275,Screwdriver Set 100pc Basic,SKU-00275,Tools,43700,1972339.0,906004.3999999999,31.551000000000002,10,28.214,268
776,PRD-00000276,Wrench Set Adjustable Basic,SKU-00276,Tools,18900,688773.4,108616.19999999998,30.808,14,22.997857142857143,460
777,PRD-00000277,Pliers Set 5-Piece Plus,SKU-00277,Tools,6480,183798.4,94329.59999999999,39.272499999999994,10,17.619,458
778,PRD-00000278,Hammer 16oz Pro,SKU-00278,Tools,18207,415109.52,154019.32,32.03111111111111,7,13.835714285714285,413
779,PRD-00000279,Tape Measure Digital Lite,SKU-00279,Tools,28728,645848.64,219880.32,35.05444444444444,8,13.801250000000001,326
780,PRD-00000280,Utility Knife Plus,SKU-00280,Tools,10633,100474.01,41391.840000000004,27.935714285714283,7,6.248571428571429,100
781,PRD-00000281,USB-C Cable Pro,SKU-00281,Electronics,7584,101203.2,30441.600000000002,41.50333333333334,8,8.35,702
782,PRD-00000282,HDMI Cable 6ft HD,SKU-00282,Electronics,30470,233994.2,55277.49999999999,27.08,10,5.147,344
783,PRD-00000283,Wireless Mouse Pro,SKU-00283,Electronics,40040,1013733.76,543192.0,39.620000000000005,13,15.261538461538462,779
784,PRD-00000284,Bluetooth Keyboard HD,SKU-00284,Electronics,70416,3080763.36,622125.3600000002,29.073333333333334,12,26.708333333333332,176
785,PRD-00000285,Webcam HD Plus,SKU-00285,Electronics,18108,1410129.0,372031.13999999996,46.08166666666667,6,46.41833333333333,175
786,PRD-00000286,USB Hub 7-Port HD,SKU-00286,Electronics,6230,205545.55,58815.9,39.885714285714286,5,20.518,74
787,PRD-00000287,Ethernet Switch 8-Port Max,SKU-00287,Electronics,35805,3423452.55,2067542.55,45.135714285714286,15,57.322,999
788,PRD-00000288,Power Strip 6-Outlet XL,SKU-00288,Electronics,37026,738373.46,263392.8,33.82181818181818,11,11.75818181818182,462
789,PRD-00000289,Surge Protector Plus,SKU-00289,Electronics,24150,755405.7,432038.0,46.73714285714286,10,19.036,258
790,PRD-00000290,Laptop Stand XL,SKU-00290,Electronics,40000,1996940.0,918578.4,39.897,10,31.952,296
791,PRD-00000291,A4 Paper Ream Plus,SKU-00291,Office Supplies,22400,174144.8,59563.799999999996,35.38,10,4.8759999999999994,300
792,PRD-00000292,Ballpoint Pens 12-Pack Max,SKU-00292,Office Supplies,19866,119151.34,20226.36,32.46,11,3.7745454545454544,426
793,PRD-00000293,Sticky Notes 3x3 Basic,SKU-00293,Office Supplies,31304,147791.28,28368.34,39.07625,13,2.922307692307692,301
794,PRD-00000294,File Folders 100-Pack HD,SKU-00294,Office Supplies,9180,103850.4,24062.4,30.439999999999998,10,6.966,657
795,PRD-00000295,Stapler Heavy Duty HD,SKU-00295,Office Supplies,34344,740291.76,434259.54,46.217499999999994,9,13.612222222222224,318
796,PRD-00000296,Paper Clips Box Max,SKU-00296,Office Supplies,41850,132192.0,51502.350000000006,39.61333333333333,15,1.9653333333333334,373
797,PRD-00000297,Binder Clips Assorted Plus,SKU-00297,Office Supplies,53760,227666.6,76097.55999999998,31.041,14,2.6492857142857145,521
798,PRD-00000298,Desk Organizer Pro,SKU-00298,Office Supplies,17580,331075.8,103313.27999999998,32.747,6,10.843333333333334,186
799,PRD-00000299,Whiteboard 24x36 Basic,SKU-00299,Office Supplies,43290,2206565.0100000002,691488.2,35.20888888888889,13,30.775384615384613,595
800,PRD-00000300,Dry Erase Markers Plus,SKU-00300,Office Supplies,37905,332900.39999999997,155042.15999999997,36.58,7,5.755714285714286,32
801,PRD-00000301,SSD 500GB Lite,SKU-00301,Computer Hardware,21120,1603892.4,649420.2000000001,43.4,10,47.009,505
802,PRD-00000302,RAM 16GB DDR4 Basic,SKU-00302,Computer Hardware,11088,818828.64,371189.56,46.445,14,46.85071428571428,232
803,PRD-00000303,Mechanical Keyboard Plus,SKU-00303,Computer Hardware,12712,1603278.32,478083.2,34.01285714285714,8,76.95875,460
804,PRD-00000304,Monitor 27 inch Lite,SKU-00304,Computer Hardware,51165,18069682.5,6275184.149999999,37.60666666666667,15,225.222,886
805,PRD-00000305,Graphics Card Entry Premium,SKU-00305,Computer Hardware,49266,10028570.58,2997382.500000001,30.227857142857143,9,131.38555555555556,244
806,PRD-00000306,CPU Cooler Basic,SKU-00306,Computer Hardware,24696,993114.08,426312.04,33.506249999999994,7,23.5,40
807,PRD-00000307,PC Case Mid Tower Max,SKU-00307,Computer Hardware,22080,1806803.2,526407.9999999999,35.795,8,46.61125,145
808,PRD-00000308,Power Supply 650W Premium,SKU-00308,Computer Hardware,38080,3336582.2,948700.48,32.503,14,53.16857142857143,504
809,PRD-00000309,Motherboard B550 Max,SKU-00309,Computer Hardware,80304,13363370.16,6401699.5,39.471666666666664,14,102.25928571428571,295
810,PRD-00000310,NVMe Cable HD,SKU-00310,Computer Hardware,57120,782221.2,287388.0,35.324,12,8.309166666666666,176
811,PRD-00000311,Drill Driver Cordless Plus,SKU-00311,Tools,17248,2318607.2,750900.8,47.80142857142857,8,83.86875,365
812,PRD-00000312,Socket Set 40-Piece Premium,SKU-00312,Tools,52164,3701088.7199999997,1806002.73,43.89416666666667,7,43.55571428571429,46
813,PRD-00000313,Measuring Tape 25ft Premium,SKU-00313,Tools,44990,669235.6,203528.16,30.551,11,9.181818181818182,415
814,PRD-00000314,Level 24 inch Basic,SKU-00314,Tools,21060,688651.2,286968.0,33.344,6,20.27,156
815,PRD-00000315,Screwdriver Set 100pc Premium,SKU-00315,Tools,28812,1539014.4,664813.8,43.78857142857143,12,32.2875,712
816,PRD-00000316,Wrench Set Adjustable XL,SKU-00316,Tools,70752,2788073.64,678659.28,34.00181818181818,12,24.55083333333333,377
817,PRD-00000317,Pliers Set 5-Piece Lite,SKU-00317,Tools,42000,1294827.6,302752.8,45.17,12,19.510833333333334,770
818,PRD-00000318,Hammer 16oz Lite,SKU-00318,Tools,32200,583297.4,252656.25,37.732,7,11.12,484
819,PRD-00000319,Tape Measure Digital Max,SKU-00319,Tools,19620,485459.4,181745.30000000005,41.983333333333334,10,15.21,694
820,PRD-00000320,Utility Knife HD,SKU-00320,Tools,21952,164157.28,71065.68000000001,39.6875,14,4.748571428571428,1059
821,PRD-00000321,USB-C Cable Basic,SKU-00321,Electronics,14280,184074.24,59417.40000000001,31.720000000000002,7,7.831428571428572,539
822,PRD-00000322,HDMI Cable 6ft HD,SKU-00322,Electronics,19760,184059.85,71409.52,38.552,13,5.769230769230769,731
823,PRD-00000323,Wireless Mouse Premium,SKU-00323,Electronics,6688,161999.2,36200.78,40.85,11,14.873636363636363,513
824,PRD-00000324,Bluetooth Keyboard Pro,SKU-00324,Electronics,33336,1434487.68,574645.28,38.68888888888889,8,27.373749999999998,25
825,PRD-00000325,Webcam HD HD,SKU-00325,Electronics,15075,1154612.25,415813.86,28.709999999999997,9,47.50555555555555,334
826,PRD-00000326,USB Hub 7-Port HD,SKU-00326,Electronics,11520,369652.8,100808.99999999999,38.23875,6,19.483333333333334,520
827,PRD-00000327,Ethernet Switch 8-Port Lite,SKU-00327,Electronics,103110,9010675.8,3671428.5000000005,40.035,15,54.882000000000005,824
828,PRD-00000328,Power Strip 6-Outlet Lite,SKU-00328,Electronics,19800,376102.0,83395.20000000001,33.989,10,11.133,862
829,PRD-00000329,Surge Protector Lite,SKU-00329,Electronics,5280,148092.9,12534.000000000002,28.326666666666668,10,17.541999999999998,759
830,PRD-00000330,Laptop Stand Premium,SKU-00330,Electronics,39520,1681572.8800000001,562388.6399999999,34.79923076923077,8,25.34,299
831,PRD-00000331,A4 Paper Ream Max,SKU-00331,Office Supplies,118575,840465.0,299993.4,45.32,15,4.168666666666667,758
832,PRD-00000332,Ballpoint Pens 12-Pack HD,SKU-00332,Office Supplies,52998,288992.77,123895.2,40.57545454545454,11,3.2236363636363636,127
833,PRD-00000333,Sticky Notes 3x3 XL,SKU-00333,Office Supplies,22022,95047.26,22996.05,34.964285714285715,11,2.691818181818182,544
834,PRD-00000334,File Folders 100-Pack Premium,SKU-00334,Office Supplies,25340,293354.6,104209.56,44.728,14,7.099285714285714,1373
835,PRD-00000335,Stapler Heavy Duty Max,SKU-00335,Office Supplies,7956,225078.75,79768.0,41.27,13,16.323076923076922,693
836,PRD-00000336,Paper Clips Box HD,SKU-00336,Office Supplies,20160,54735.6,35862.06,40.308,6,1.6466666666666667,287
837,PRD-00000337,Binder Clips Assorted Lite,SKU-00337,Office Supplies,36000,126647.0,31875.90000000001,28.22,10,2.1910000000000003,145
838,PRD-00000338,Desk Organizer Pro,SKU-00338,Office Supplies,32970,691513.2,208739.69999999995,32.42285714285715,15,12.820666666666668,841
839,PRD-00000339,Whiteboard 24x36 XL,SKU-00339,Office Supplies,18228,827715.0,378786.52,28.724999999999998,14,28.26571428571429,1208
840,PRD-00000340,Dry Erase Markers Pro,SKU-00340,Office Supplies,34353,301436.19,90992.0,32.745555555555555,11,5.381818181818182,222
841,PRD-00000341,SSD 500GB XL,SKU-00341,Computer Hardware,29820,2763167.4,1071513.52,44.62,14,56.81142857142857,704
842,PRD-00000342,RAM 16GB DDR4 Premium,SKU-00342,Computer Hardware,55198,3316586.13,1122565.0799999996,32.36090909090909,13,37.09923076923077,210
843,PRD-00000343,Mechanical Keyboard Pro,SKU-00343,Computer Hardware,27734,3555441.96,971756.7999999999,46.60857142857143,14,79.77785714285714,1112
844,PRD-00000344,Monitor 27 inch Premium,SKU-00344,Computer Hardware,31584,10678819.2,5466188.88,37.5475,12,206.83083333333332,635
845,PRD-00000345,Graphics Card Entry Lite,SKU-00345,Computer Hardware,26670,4696260.8,2637846.12,38.37799999999999,7,110.27285714285715,67
846,PRD-00000346,CPU Cooler Pro,SKU-00346,Computer Hardware,6160,258766.47999999998,12104.400000000001,30.77,14,25.754285714285714,482
847,PRD-00000347,PC Case Mid Tower Premium,SKU-00347,Computer Hardware,24516,1678236.8399999999,468631.44000000006,45.970000000000006,12,42.330000000000005,349
848,PRD-00000348,Power Supply 650W Plus,SKU-00348,Computer Hardware,60624,5129912.16,2277252.0,47.15555555555556,16,51.097500000000004,1014
849,PRD-00000349,Motherboard B550 Plus,SKU-00349,Computer Hardware,11319,1994719.6500000001,759296.67,25.021428571428572,11,111.99727272727272,663
850,PRD-00000350,NVMe Cable Pro,SKU-00350,Computer Hardware,20601,234840.06,76692.84000000001,39.371111111111105,7,7.034285714285715,132
851,PRD-00000351,Drill Driver Cordless Max,SKU-00351,Tools,14175,1780687.5,590113.35,42.68,15,78.33533333333334,706
852,PRD-00000352,Socket Set 40-Piece HD,SKU-00352,Tools,38610,2616887.9,953020.6399999999,31.522000000000002,11,42.56363636363636,314
853,PRD-00000353,Measuring Tape 25ft Basic,SKU-00353,Tools,25839,381220.83,105289.20000000001,29.91111111111111,9,9.866666666666667,236
854,PRD-00000354,Level 24 inch HD,SKU-00354,Tools,46935,1730218.35,263666.25000000006,34.48142857142857,15,22.066,703
855,PRD-00000355,Screwdriver Set 100pc Basic,SKU-00355,Tools,39060,1878350.4,1069156.8,39.45222222222222,10,28.212999999999997,403
856,PRD-00000356,Wrench Set Adjustable Premium,SKU-00356,Tools,38352,1379808.06,581642.2500000002,30.011666666666667,17,21.622352941176473,874
857,PRD-00000357,Pliers Set 5-Piece Basic,SKU-00357,Tools,15808,428089.6,117123.84000000001,45.21375,8,16.36125,210
858,PRD-00000358,Hammer 16oz Pro,SKU-00358,Tools,10773,220772.79,127414.08,45.575714285714284,9,12.333333333333334,889
859,PRD-00000359,Tape Measure Digital Plus,SKU-00359,Tools,14940,414914.4,179723.99999999997,32.815555555555555,10,18.243000000000002,614
860,PRD-00000360,Utility Knife HD,SKU-00360,Tools,52812,480030.83999999997,190131.74999999997,31.08,9,5.918888888888889,386
861,PRD-00000361,USB-C Cable Max,SKU-00361,Electronics,33908,450211.02,216570.48,46.68928571428571,7,8.197142857142858,577
862,PRD-00000362,HDMI Cable 6ft XL,SKU-00362,Electronics,58656,464547.72000000003,143208.0,29.563333333333333,13,4.956923076923077,584
863,PRD-00000363,Wireless Mouse Plus,SKU-00363,Electronics,13314,291863.04,96922.98,33.004999999999995,7,13.942857142857143,458
864,PRD-00000364,Bluetooth Keyboard Basic,SKU-00364,Electronics,19845,958436.64,320490.7200000001,31.49285714285714,9,30.400000000000002,332
865,PRD-00000365,Webcam HD Premium,SKU-00365,Electronics,14256,1052569.08,186423.84000000003,31.946666666666665,9,44.885555555555555,614
866,PRD-00000366,USB Hub 7-Port HD,SKU-00366,Electronics,46240,1485832.0,479402.0,35.290625,10,19.585,606
867,PRD-00000367,Ethernet Switch 8-Port Max,SKU-00367,Electronics,25677,2384283.6,617859.9,48.04222222222222,9,58.034444444444446,521
868,PRD-00000368,Power Strip 6-Outlet Premium,SKU-00368,Electronics,24624,405950.94,133320.15,34.623333333333335,9,10.664444444444444,18
869,PRD-00000369,Surge Protector HD,SKU-00369,Electronics,15312,495561.44,154378.95,35.92875,11,20.094545454545454,436
870,PRD-00000370,Laptop Stand HD,SKU-00370,Electronics,32580,1454674.5,391534.2,46.635,9,27.686666666666667,303
871,PRD-00000371,A4 Paper Ream HD,SKU-00371,Office Supplies,10036,82390.88,37564.8,30.94,13,5.123846153846154,807
872,PRD-00000372,Ballpoint Pens 12-Pack Max,SKU-00372,Office Supplies,17696,112265.44,45526.32,29.53,14,4.106428571428571,997
873,PRD-00000373,Sticky Notes 3x3 Plus,SKU-00373,Office Supplies,33210,140742.9,54723.0,41.36533333333333,6,2.648333333333333,248
874,PRD-00000374,File Folders 100-Pack Max,SKU-00374,Office Supplies,34100,450835.0,226531.80000000002,41.357,11,8.074545454545454,1051
875,PRD-00000375,Stapler Heavy Duty Max,SKU-00375,Office Supplies,21406,513098.74,150200.82,41.4,11,15.15090909090909,386
876,PRD-00000376,Paper Clips Box Premium,SKU-00376,Office Supplies,7140,21456.600000000002,7106.4,32.251666666666665,10,1.933,171
877,PRD-00000377,Binder Clips Assorted Basic,SKU-00377,Office Supplies,34848,153460.67,57579.060000000005,32.548181818181824,11,2.7027272727272726,238
878,PRD-00000378,Desk Organizer Premium,SKU-00378,Office Supplies,41634,788194.7999999999,310832.63999999996,34.74777777777778,18,11.724444444444446,963
879,PRD-00000379,Whiteboard 24x36 Pro,SKU-00379,Office Supplies,47100,2534091.0,987224.9999999999,36.461,15,32.227333333333334,621
880,PRD-00000380,Dry Erase Markers Lite,SKU-00380,Office Supplies,22750,205883.6,54987.659999999996,29.694,13,5.65,1057
881,PRD-00000381,SSD 500GB Pro,SKU-00381,Computer Hardware,5100,402696.0,206880.0,43.67,10,48.675,315
882,PRD-00000382,RAM 16GB DDR4 Pro,SKU-00382,Computer Hardware,48672,3829583.52,1327216.32,39.980000000000004,12,49.394999999999996,317
883,PRD-00000383,Mechanical Keyboard Max,SKU-00383,Computer Hardware,36720,4619590.2,2623341.06,40.648,9,79.79666666666667,140
884,PRD-00000384,Monitor 27 inch XL,SKU-00384,Computer Hardware,25596,8685011.16,3182997.48,37.93111111111111,12,211.06916666666666,1238
885,PRD-00000385,Graphics Card Entry Premium,SKU-00385,Computer Hardware,24800,5342049.6,1422728.0,39.99125,10,131.41,276
886,PRD-00000386,CPU Cooler XL,SKU-00386,Computer Hardware,16856,870974.72,470034.67,45.428749999999994,7,32.15571428571428,180
887,PRD-00000387,PC Case Mid Tower Basic,SKU-00387,Computer Hardware,7344,574027.2,487016.88,37.88999999999999,12,49.861666666666665,636
888,PRD-00000388,Power Supply 650W Premium,SKU-00388,Computer Hardware,38480,3761955.6,1099567.0400000003,34.9,13,59.135384615384616,654
889,PRD-00000389,Motherboard B550 Premium,SKU-00389,Computer Hardware,108528,18208463.7,6745109.72,33.65,17,101.47117647058823,679
890,PRD-00000390,NVMe Cable Lite,SKU-00390,Computer Hardware,29824,354860.8,108248.87999999999,29.04125,8,7.23,51
891,PRD-00000391,Drill Driver Cordless Plus,SKU-00391,Tools,42714,6999776.28,3778662.9999999995,41.25222222222222,14,105.27357142857143,506
892,PRD-00000392,Socket Set 40-Piece Lite,SKU-00392,Tools,21560,1606723.58,274867.56,35.11857142857143,11,46.63545454545455,895
893,PRD-00000393,Measuring Tape 25ft Premium,SKU-00393,Tools,112138,1514621.29,426380.5000000001,31.318421052631578,13,8.425384615384615,346
894,PRD-00000394,Level 24 inch Basic,SKU-00394,Tools,48984,1807691.6,402863.5,31.28375,13,23.796923076923076,521
895,PRD-00000395,Screwdriver Set 100pc Pro,SKU-00395,Tools,34470,1666098.9,726122.4,35.33444444444445,10,28.549,297
896,PRD-00000396,Wrench Set Adjustable Lite,SKU-00396,Tools,56940,2023039.2,843221.34,40.273333333333326,13,21.665384615384617,290
897,PRD-00000397,Pliers Set 5-Piece Plus,SKU-00397,Tools,18176,597235.2,227260.0,28.995,8,19.23,221
898,PRD-00000398,Hammer 16oz Basic,SKU-00398,Tools,37730,824330.1,399791.25999999995,34.689,11,12.752727272727272,627
899,PRD-00000399,Tape Measure Digital Pro,SKU-00399,Tools,66920,1694938.0,506806.99999999994,30.708000000000006,14,15.315,362
900,PRD-00000400,Utility Knife Premium,SKU-00400,Tools,55050,476109.0,248066.54999999996,32.97,15,5.252,203
901,PRD-00000401,USB-C Cable HD,SKU-00401,Electronics,35190,454836.7,191491.40000000002,35.370000000000005,17,7.617647058823529,1033
902,PRD-00000402,HDMI Cable 6ft Premium,SKU-00402,Electronics,80192,713133.12,246516.48,43.79142857142857,16,5.39375,992
903,PRD-00000403,Wireless Mouse Pro,SKU-00403,Electronics,11445,257144.3,76275.36,47.47,7,13.212857142857144,9
904,PRD-00000404,Bluetooth Keyboard XL,SKU-00404,Electronics,11872,657831.44,272503.14,45.058749999999996,7,33.6,435
905,PRD-00000405,Webcam HD Premium,SKU-00405,Electronics,20384,1777489.7,557071.2,29.988571428571433,14,52.03785714285714,937
906,PRD-00000406,USB Hub 7-Port Premium,SKU-00406,Electronics,24563,723297.96,263011.20999999996,31.06909090909091,7,18.57857142857143,162
907,PRD-00000407,Ethernet Switch 8-Port HD,SKU-00407,Electronics,21600,1988476.2,1002622.08,42.486,6,55.94166666666667,170
908,PRD-00000408,Power Strip 6-Outlet Max,SKU-00408,Electronics,21184,421370.24,195177.6,37.11,16,11.933124999999999,1114
909,PRD-00000409,Surge Protector Basic,SKU-00409,Electronics,822,20771.46,16722.18,47.04,6,15.045,147
910,PRD-00000410,Laptop Stand Plus,SKU-00410,Electronics,24120,1045945.44,497962.89,46.69625,9,26.311111111111114,390
911,PRD-00000411,A4 Paper Ream Plus,SKU-00411,Office Supplies,21648,176584.32,62566.020000000004,44.55,11,5.08,769
912,PRD-00000412,Ballpoint Pens 12-Pack XL,SKU-00412,Office Supplies,15960,92874.88,47338.2,42.57,7,3.4985714285714287,440
913,PRD-00000413,Sticky Notes 3x3 Max,SKU-00413,Office Supplies,23544,114084.72,44787.840000000004,44.446666666666665,12,3.1458333333333335,922
914,PRD-00000414,File Folders 100-Pack Max,SKU-00414,Office Supplies,18504,223477.19999999998,147649.32,42.718333333333334,12,7.373333333333333,573
915,PRD-00000415,Stapler Heavy Duty Premium,SKU-00415,Office Supplies,31752,846940.5,453112.38,35.04571428571429,18,17.615,1123
916,PRD-00000416,Paper Clips Box HD,SKU-00416,Office Supplies,62140,180963.9,99370.44,48.918000000000006,13,1.7584615384615385,447
917,PRD-00000417,Binder Clips Assorted XL,SKU-00417,Office Supplies,29304,109486.08,27235.68,29.98222222222222,8,2.27,188
918,PRD-00000418,Desk Organizer XL,SKU-00418,Office Supplies,28809,602130.87,239389.19999999998,33.57,9,13.55,349
919,PRD-00000419,Whiteboard 24x36 Max,SKU-00419,Office Supplies,69108,3654267.2399999998,1653731.64,38.32,12,31.83416666666667,642
920,PRD-00000420,Dry Erase Markers Basic,SKU-00420,Office Supplies,10080,83069.55,40561.83000000001,40.432,9,5.288888888888889,491
921,PRD-00000421,SSD 500GB Max,SKU-00421,Computer Hardware,10880,1060906.56,395800.8,41.03,8,60.44999999999999,115
922,PRD-00000422,RAM 16GB DDR4 Max,SKU-00422,Computer Hardware,109382,7992355.28,3577686.84,43.27,13,46.21153846153846,509
923,PRD-00000423,Mechanical Keyboard Premium,SKU-00423,Computer Hardware,76464,10912661.28,4229287.2,40.924166666666665,12,86.89750000000001,279
924,PRD-00000424,Monitor 27 inch Premium,SKU-00424,Computer Hardware,59488,20900415.25,8272617.21,35.315384615384616,11,224.80545454545455,299
925,PRD-00000425,Graphics Card Entry Lite,SKU-00425,Computer Hardware,27090,4929351.0,2172089.5,46.73714285714286,10,104.043,226
926,PRD-00000426,CPU Cooler Basic,SKU-00426,Computer Hardware,4725,205065.63,39126.079999999994,44.46,7,26.540000000000003,161
927,PRD-00000427,PC Case Mid Tower Lite,SKU-00427,Computer Hardware,17199,1445031.0,633047.04,44.16,9,53.724444444444444,658
928,PRD-00000428,Power Supply 650W HD,SKU-00428,Computer Hardware,7128,644601.84,44851.19999999998,25.915000000000003,4,58.59,271
929,PRD-00000429,Motherboard B550 HD,SKU-00429,Computer Hardware,20520,4019844.96,1870085.2799999998,41.10777777777778,8,116.08749999999999,270
930,PRD-00000430,NVMe Cable Basic,SKU-00430,Computer Hardware,37476,412662.6,198174.23999999996,39.63111111111111,12,6.735833333333334,683
931,PRD-00000431,Drill Driver Cordless Premium,SKU-00431,Tools,35244,5278229.55,1675984.8599999999,32.46454545454545,9,97.63888888888889,513
932,PRD-00000432,Socket Set 40-Piece Basic,SKU-00432,Tools,121856,9214901.76,4928864.0,44.62875,16,44.464375,759
933,PRD-00000433,Measuring Tape 25ft XL,SKU-00433,Tools,30168,446790.96,152521.19999999998,31.1925,9,9.294444444444444,178
934,PRD-00000434,Level 24 inch Pro,SKU-00434,Tools,9720,287560.2,75029.76000000001,48.37,12,18.915833333333335,563
935,PRD-00000435,Screwdriver Set 100pc Lite,SKU-00435,Tools,23424,1254135.68,537561.52,36.85625,8,33.75375,385
936,PRD-00000436,Wrench Set Adjustable Premium,SKU-00436,Tools,29328,1007637.54,635999.0,47.94,13,19.563846153846153,409
937,PRD-00000437,Pliers Set 5-Piece Premium,SKU-00437,Tools,15880,395846.0,106020.20000000001,32.8075,5,15.324000000000002,151
938,PRD-00000438,Hammer 16oz XL,SKU-00438,Tools,22264,416259.36,223268.65,36.207499999999996,11,11.667272727272728,742
939,PRD-00000439,Tape Measure Digital XL,SKU-00439,Tools,58266,1218694.23,399372.48,33.68,13,12.876153846153846,166
940,PRD-00000440,Utility Knife Max,SKU-00440,Tools,72215,601969.94,323880.7,45.15538461538462,11,5.28,747
941,PRD-00000441,USB-C Cable Basic,SKU-00441,Electronics,24480,321751.68,122073.59999999999,42.59,12,8.09,805
942,PRD-00000442,HDMI Cable 6ft Lite,SKU-00442,Electronics,10728,104225.4,58001.49,35.595,9,6.212222222222222,178
943,PRD-00000443,Wireless Mouse Basic,SKU-00443,Electronics,32643,917352.54,303363.06,32.81444444444445,13,17.407692307692308,481
944,PRD-00000444,Bluetooth Keyboard Premium,SKU-00444,Electronics,21560,1127964.6400000001,513534.78,37.964999999999996,11,31.654545454545456,517
945,PRD-00000445,Webcam HD Pro,SKU-00445,Electronics,35046,2806719.3,896266.6900000001,38.68,11,47.25818181818182,666
946,PRD-00000446,USB Hub 7-Port HD,SKU-00446,Electronics,14049,509833.8,136775.52,47.08428571428571,9,21.295555555555556,472
947,PRD-00000447,Ethernet Switch 8-Port Max,SKU-00447,Electronics,15957,1648512.81,667366.11,39.208888888888886,9,59.55222222222223,221
948,PRD-00000448,Power Strip 6-Outlet Plus,SKU-00448,Electronics,50976,984029.76,202392.00000000003,39.70625,18,12.026666666666667,771
949,PRD-00000449,Surge Protector Plus,SKU-00449,Electronics,49560,1597563.6,457600.00000000006,44.3775,10,19.65,837
950,PRD-00000450,Laptop Stand Plus,SKU-00450,Electronics,26215,1128624.84,345076.13,34.09142857142857,7,27.487142857142857,230
951,PRD-00000451,A4 Paper Ream Max,SKU-00451,Office Supplies,28620,251074.08,75691.44,42.58,12,5.416666666666667,495
952,PRD-00000452,Ballpoint Pens 12-Pack Pro,SKU-00452,Office Supplies,2850,15599.1,5187.420000000001,27.322,3,3.763333333333333,120
953,PRD-00000453,Sticky Notes 3x3 Pro,SKU-00453,Office Supplies,12168,56409.12,7681.499999999999,29.16875,9,2.9555555555555557,291
954,PRD-00000454,File Folders 100-Pack Lite,SKU-00454,Office Supplies,12510,150690.6,40655.7,26.334444444444447,5,7.838,183
955,PRD-00000455,Stapler Heavy Duty HD,SKU-00455,Office Supplies,77532,1866664.8,615094.48,35.560769230769225,14,15.070714285714285,694
956,PRD-00000456,Paper Clips Box XL,SKU-00456,Office Supplies,52920,140679.0,28609.7,37.385,14,1.6028571428571428,692
957,PRD-00000457,Binder Clips Assorted Plus,SKU-00457,Office Supplies,76140,302964.3,95029.2,38.02111111111111,15,2.39,301
958,PRD-00000458,Desk Organizer Basic,SKU-00458,Office Supplies,25920,514115.64,129460.31999999999,31.101111111111113,12,12.478333333333333,945
959,PRD-00000459,Whiteboard 24x36 HD,SKU-00459,Office Supplies,58344,2848964.69,917203.5599999999,33.57909090909091,13,30.439999999999998,847
960,PRD-00000460,Dry Erase Markers XL,SKU-00460,Office Supplies,5145,41238.33,8924.159999999998,30.109999999999996,7,4.982857142857143,222
961,PRD-00000461,SSD 500GB Max,SKU-00461,Computer Hardware,78624,6909343.2,2352542.4,46.530833333333334,18,53.291111111111114,906
962,PRD-00000462,RAM 16GB DDR4 Pro,SKU-00462,Computer Hardware,26224,2014308.56,821804.5,29.10625,11,45.763636363636365,472
963,PRD-00000463,Mechanical Keyboard Premium,SKU-00463,Computer Hardware,8235,1173243.6,384429.32999999996,46.062,9,89.85333333333334,327
964,PRD-00000464,Monitor 27 inch XL,SKU-00464,Computer Hardware,37400,10961808.0,4044910.32,43.55375,11,179.39,260
965,PRD-00000465,Graphics Card Entry Lite,SKU-00465,Computer Hardware,27126,6030104.85,1966191.1500000001,40.187777777777775,11,137.75363636363636,343
966,PRD-00000466,CPU Cooler Max,SKU-00466,Computer Hardware,74880,3420404.64,714152.16,29.11777777777778,16,29.520625,428
967,PRD-00000467,PC Case Mid Tower Basic,SKU-00467,Computer Hardware,17955,1483666.38,654769.26,38.675714285714285,9,53.254444444444445,481
968,PRD-00000468,Power Supply 650W Premium,SKU-00468,Computer Hardware,29106,2812614.8400000003,972597.3600000002,37.275555555555556,7,59.08857142857143,363
969,PRD-00000469,Motherboard B550 HD,SKU-00469,Computer Hardware,16317,3248686.35,728077.1400000001,40.474444444444444,7,125.94285714285715,68
970,PRD-00000470,NVMe Cable Premium,SKU-00470,Computer Hardware,18810,207779.4,68458.31999999999,27.982999999999997,9,6.859999999999999,396
971,PRD-00000471,Drill Driver Cordless Basic,SKU-00471,Tools,38632,5766126.96,3568166.9099999997,45.7825,11,93.28454545454545,281
972,PRD-00000472,Socket Set 40-Piece Max,SKU-00472,Tools,66836,5915606.62,3227329.0,43.75727272727273,14,57.03,911
973,PRD-00000473,Measuring Tape 25ft Max,SKU-00473,Tools,10615,132812.9,41173.66000000001,42.464,11,7.625454545454546,404
974,PRD-00000474,Level 24 inch Basic,SKU-00474,Tools,12560,393372.8,126050.39999999997,38.114,8,18.645,668
975,PRD-00000475,Screwdriver Set 100pc Pro,SKU-00475,Tools,48020,2628337.6,1122826.88,37.79,14,34.84928571428571,529
976,PRD-00000476,Wrench Set Adjustable Premium,SKU-00476,Tools,34848,1466351.04,572987.52,31.302727272727275,8,27.27375,294
977,PRD-00000477,Pliers Set 5-Piece Max,SKU-00477,Tools,28544,917034.24,218993.27999999997,36.20375,8,19.287499999999998,600
978,PRD-00000478,Hammer 16oz HD,SKU-00478,Tools,73190,1452846.2,776583.6,46.693,13,12.643846153846155,60
979,PRD-00000479,Tape Measure Digital Lite,SKU-00479,Tools,11690,252550.2,130466.00000000001,46.462857142857146,10,13.886000000000001,804
980,PRD-00000480,Utility Knife HD,SKU-00480,Tools,4224,38986.4,11232.000000000002,46.35,2,5.470000000000001,87
981,PRD-00000481,USB-C Cable XL,SKU-00481,Electronics,17360,224057.68,54695.759999999995,35.385000000000005,4,8.3925,104
982,PRD-00000482,HDMI Cable 6ft Pro,SKU-00482,Electronics,38709,315859.5,125677.98000000001,35.835454545454546,9,5.071111111111112,344
983,PRD-00000483,Wireless Mouse Premium,SKU-00483,Electronics,19680,409850.88,125828.63999999998,31.307499999999997,12,12.838333333333335,740
984,PRD-00000484,Bluetooth Keyboard Lite,SKU-00484,Electronics,65637,3449922.19,1765646.74,45.758461538461546,11,29.737272727272725,810
985,PRD-00000485,Webcam HD Plus,SKU-00485,Electronics,42360,3673771.2,1301025.6,37.416000000000004,12,53.89083333333333,704
986,PRD-00000486,USB Hub 7-Port Lite,SKU-00486,Electronics,76950,2781282.0,913611.75,46.806999999999995,15,21.945999999999998,223
987,PRD-00000487,Ethernet Switch 8-Port XL,SKU-00487,Electronics,44688,3601340.4,2067437.1199999999,44.9475,7,47.19428571428572,280
988,PRD-00000488,Power Strip 6-Outlet Lite,SKU-00488,Electronics,96768,1906975.44,610249.5,31.845833333333335,18,12.395,802
989,PRD-00000489,Surge Protector Max,SKU-00489,Electronics,25452,794465.28,445842.00000000006,43.027142857142856,18,18.784444444444446,908
990,PRD-00000490,Laptop Stand Max,SKU-00490,Electronics,26208,1317467.52,498733.1999999999,30.36875,18,30.205555555555556,937
991,PRD-00000491,A4 Paper Ream Premium,SKU-00491,Office Supplies,78540,689757.75,282101.4,38.29636363636364,15,5.628666666666667,669
992,PRD-00000492,Ballpoint Pens 12-Pack Max,SKU-00492,Office Supplies,35496,223460.24,109168.56,40.998749999999994,17,3.843529411764706,644
993,PRD-00000493,Sticky Notes 3x3 Lite,SKU-00493,Office Supplies,11886,64278.48,21218.4,39.016666666666666,14,3.242142857142857,467
994,PRD-00000494,File Folders 100-Pack Premium,SKU-00494,Office Supplies,2952,43312.86,27129.600000000006,42.46,9,9.675555555555556,886
995,PRD-00000495,Stapler Heavy Duty XL,SKU-00495,Office Supplies,117720,3092585.4,905684.4000000003,32.13166666666666,15,16.870666666666665,765
996,PRD-00000496,Paper Clips Box HD,SKU-00496,Office Supplies,65640,216044.4,115948.79999999999,43.5,12,2.069166666666667,758
997,PRD-00000497,Binder Clips Assorted Basic,SKU-00497,Office Supplies,15232,68321.28,19928.4,29.105000000000004,8,2.6862500000000002,685
998,PRD-00000498,Desk Organizer Lite,SKU-00498,Office Supplies,51064,859925.04,642467.28,47.732499999999995,13,10.742307692307692,671
999,PRD-00000499,Whiteboard 24x36 Basic,SKU-00499,Office Supplies,15768,661559.9400000001,155546.88,29.463333333333335,6,26.134999999999998,75
1000,PRD-00000500,Dry Erase Markers Plus,SKU-00500,Office Supplies,33280,286724.0,84415.80000000002,39.445,10,5.415,285
