product_id,warehouse_id,quantity_on_hand,average_cost,last_updated
PRD-00000001,WH-001,312,7.67,2025-06-30
PRD-00000001,WH-002,58,7.95,2025-06-30
PRD-00000002,WH-001,274,4.42,2025-06-30
PRD-00000002,WH-002,289,4.43,2025-06-30
PRD-00000003,WH-001,254,13.93,2025-06-30
PRD-00000004,WH-001,195,25.88,2025-06-30
PRD-00000004,WH-002,316,27.34,2025-06-30
PRD-00000004,WH-003,615,27.7,2025-06-30
PRD-00000005,WH-001,242,49.85,2025-06-30
PRD-00000006,WH-001,323,20.25,2025-06-30
PRD-00000006,WH-002,59,24.33,2025-06-30
PRD-00000006,WH-003,46,22.44,2025-06-30
PRD-00000007,WH-001,151,57.34,2025-06-30
PRD-00000007,WH-002,205,53.87,2025-06-30
PRD-00000008,WH-001,193,11.05,2025-06-30
PRD-00000008,WH-002,220,10.36,2025-06-30
PRD-00000008,WH-003,543,10.08,2025-06-30
PRD-00000009,WH-001,29,18.13,2025-06-30
PRD-00000009,WH-002,9,17.39,2025-06-30
PRD-00000009,WH-003,87,17.7,2025-06-30
PRD-00000010,WH-001,119,22.79,2025-06-30
PRD-00000010,WH-003,73,23.43,2025-06-30
PRD-00000011,WH-001,367,4.58,2025-06-30
PRD-00000011,WH-003,194,4.09,2025-06-30
PRD-00000012,WH-002,153,3.82,2025-06-30
PRD-00000012,WH-003,112,3.71,2025-06-30
PRD-00000013,WH-001,374,2.73,2025-06-30
PRD-00000013,WH-002,298,2.43,2025-06-30
PRD-00000013,WH-003,127,2.6,2025-06-30
PRD-00000014,WH-001,187,7.12,2025-06-30
PRD-00000014,WH-002,177,7.61,2025-06-30
PRD-00000014,WH-003,14,7.38,2025-06-30
PRD-00000015,WH-001,6,16.51,2025-06-30
PRD-00000015,WH-002,2,16.85,2025-06-30
PRD-00000015,WH-003,131,16.27,2025-06-30
PRD-00000016,WH-001,406,1.85,2025-06-30
PRD-00000016,WH-002,156,1.82,2025-06-30
PRD-00000016,WH-003,379,1.86,2025-06-30
PRD-00000017,WH-001,227,2.23,2025-06-30
PRD-00000017,WH-002,217,2.24,2025-06-30
PRD-00000017,WH-003,166,2.13,2025-06-30
PRD-00000018,WH-001,117,13.04,2025-06-30
PRD-00000018,WH-002,23,11.64,2025-06-30
PRD-00000019,WH-001,52,32.55,2025-06-30
PRD-00000019,WH-002,24,34.18,2025-06-30
PRD-00000019,WH-003,384,33.08,2025-06-30
PRD-00000020,WH-001,62,4.61,2025-06-30
PRD-00000020,WH-002,257,4.67,2025-06-30
PRD-00000021,WH-001,335,55.56,2025-06-30
PRD-00000021,WH-003,168,62.16,2025-06-30
PRD-00000022,WH-002,93,42.61,2025-06-30
PRD-00000022,WH-003,96,44.79,2025-06-30
PRD-00000023,WH-001,256,68.49,2025-06-30
PRD-00000023,WH-003,459,73.27,2025-06-30
PRD-00000024,WH-001,579,195.06,2025-06-30
PRD-00000024,WH-002,124,206.86,2025-06-30
PRD-00000024,WH-003,136,206.6,2025-06-30
PRD-00000025,WH-002,301,133.19,2025-06-30
PRD-00000026,WH-001,139,27.01,2025-06-30
PRD-00000026,WH-002,60,25.91,2025-06-30
PRD-00000026,WH-003,78,24.26,2025-06-30
PRD-00000027,WH-001,386,44.23,2025-06-30
PRD-00000027,WH-003,73,38.84,2025-06-30
PRD-00000028,WH-001,27,47.53,2025-06-30
PRD-00000028,WH-002,269,47.61,2025-06-30
PRD-00000028,WH-003,103,47.86,2025-06-30
PRD-00000029,WH-001,294,121.85,2025-06-30
PRD-00000029,WH-002,133,123.49,2025-06-30
PRD-00000029,WH-003,356,119.57,2025-06-30
PRD-00000030,WH-001,293,8.07,2025-06-30
PRD-00000030,WH-003,34,7.89,2025-06-30
PRD-00000031,WH-001,332,93.91,2025-06-30
PRD-00000031,WH-002,161,98.92,2025-06-30
PRD-00000031,WH-003,122,103.25,2025-06-30
PRD-00000032,WH-001,351,48.05,2025-06-30
PRD-00000032,WH-002,105,49.8,2025-06-30
PRD-00000033,WH-001,379,9.41,2025-06-30
PRD-00000033,WH-002,145,9.16,2025-06-30
PRD-00000033,WH-003,163,8.88,2025-06-30
PRD-00000034,WH-001,170,22.66,2025-06-30
PRD-00000034,WH-003,23,21.77,2025-06-30
PRD-00000035,WH-001,560,28.94,2025-06-30
PRD-00000035,WH-002,305,28.55,2025-06-30
PRD-00000035,WH-003,25,28.5,2025-06-30
PRD-00000037,WH-001,51,21.07,2025-06-30
PRD-00000037,WH-003,322,19.16,2025-06-30
PRD-00000038,WH-002,56,12.09,2025-06-30
PRD-00000038,WH-003,361,13.35,2025-06-30
PRD-00000039,WH-001,180,15.33,2025-06-30
PRD-00000039,WH-003,63,16.32,2025-06-30
PRD-00000040,WH-001,147,6.05,2025-06-30
PRD-00000040,WH-002,56,5.48,2025-06-30
PRD-00000040,WH-003,57,5.48,2025-06-30
PRD-00000041,WH-001,194,7.21,2025-06-30
PRD-00000041,WH-002,329,6.65,2025-06-30
PRD-00000041,WH-003,3,6.98,2025-06-30
PRD-00000042,WH-002,67,5.65,2025-06-30
PRD-00000042,WH-003,119,5.67,2025-06-30
PRD-00000043,WH-001,287,16.59,2025-06-30
PRD-00000043,WH-002,186,16.15,2025-06-30
PRD-00000043,WH-003,431,16.22,2025-06-30
PRD-00000044,WH-001,101,28.21,2025-06-30
PRD-00000044,WH-002,150,30.48,2025-06-30
PRD-00000044,WH-003,111,28.32,2025-06-30
PRD-00000045,WH-002,239,48.55,2025-06-30
PRD-00000045,WH-003,368,55.09,2025-06-30
PRD-00000046,WH-001,295,18.41,2025-06-30
PRD-00000046,WH-002,154,19.35,2025-06-30
PRD-00000046,WH-003,495,19.08,2025-06-30
PRD-00000047,WH-001,77,48.79,2025-06-30
PRD-00000047,WH-002,204,48.12,2025-06-30
PRD-00000047,WH-003,101,50.95,2025-06-30
PRD-00000048,WH-001,146,13.31,2025-06-30
PRD-00000048,WH-002,408,12.53,2025-06-30
PRD-00000048,WH-003,30,13.02,2025-06-30
PRD-00000049,WH-002,298,18.3,2025-06-30
PRD-00000049,WH-003,268,18.81,2025-06-30
PRD-00000050,WH-003,527,26.92,2025-06-30
PRD-00000052,WH-001,34,3.41,2025-06-30
PRD-00000052,WH-002,330,3.47,2025-06-30
PRD-00000052,WH-003,113,3.2,2025-06-30
PRD-00000053,WH-001,486,3.2,2025-06-30
PRD-00000053,WH-002,181,3.18,2025-06-30
PRD-00000053,WH-003,259,3.24,2025-06-30
PRD-00000054,WH-003,178,7.54,2025-06-30
PRD-00000055,WH-002,497,15.5,2025-06-30
PRD-00000055,WH-003,178,16.66,2025-06-30
PRD-00000056,WH-001,168,1.67,2025-06-30
PRD-00000056,WH-002,228,1.64,2025-06-30
PRD-00000057,WH-001,85,2.7,2025-06-30
PRD-00000058,WH-001,347,11.59,2025-06-30
PRD-00000058,WH-002,315,10.42,2025-06-30
PRD-00000058,WH-003,80,11.1,2025-06-30
PRD-00000059,WH-001,43,28.85,2025-06-30
PRD-00000059,WH-002,87,25.87,2025-06-30
PRD-00000060,WH-002,62,4.81,2025-06-30
PRD-00000060,WH-003,38,4.4,2025-06-30
PRD-00000061,WH-001,377,52.82,2025-06-30
PRD-00000061,WH-002,436,53.81,2025-06-30
PRD-00000061,WH-003,100,52.83,2025-06-30
PRD-00000062,WH-001,83,41.12,2025-06-30
PRD-00000062,WH-002,631,43.12,2025-06-30
PRD-00000062,WH-003,228,42.84,2025-06-30
PRD-00000063,WH-002,107,90.51,2025-06-30
PRD-00000063,WH-003,369,91.1,2025-06-30
PRD-00000064,WH-003,139,196.07,2025-06-30
PRD-00000065,WH-001,142,112.94,2025-06-30
PRD-00000065,WH-002,312,115.03,2025-06-30
PRD-00000066,WH-001,131,31.79,2025-06-30
PRD-00000066,WH-002,126,30.77,2025-06-30
PRD-00000066,WH-003,91,29.71,2025-06-30
PRD-00000067,WH-002,272,43.55,2025-06-30
PRD-00000067,WH-003,282,43.58,2025-06-30
PRD-00000068,WH-001,25,60.67,2025-06-30
PRD-00000068,WH-002,167,58.9,2025-06-30
PRD-00000069,WH-001,177,119.43,2025-06-30
PRD-00000069,WH-002,480,110.3,2025-06-30
PRD-00000069,WH-003,313,118.07,2025-06-30
PRD-00000070,WH-002,158,7.38,2025-06-30
PRD-00000070,WH-003,57,8.09,2025-06-30
PRD-00000071,WH-001,69,96.86,2025-06-30
PRD-00000071,WH-002,494,90.51,2025-06-30
PRD-00000072,WH-001,250,48.01,2025-06-30
PRD-00000072,WH-002,171,49.92,2025-06-30
PRD-00000072,WH-003,539,48.85,2025-06-30
PRD-00000073,WH-001,53,9.46,2025-06-30
PRD-00000073,WH-002,175,9.24,2025-06-30
PRD-00000073,WH-003,158,9.83,2025-06-30
PRD-00000074,WH-001,197,22.03,2025-06-30
PRD-00000074,WH-002,317,21.45,2025-06-30
PRD-00000075,WH-001,314,24.17,2025-06-30
PRD-00000075,WH-003,56,26.66,2025-06-30
PRD-00000076,WH-001,86,20.78,2025-06-30
PRD-00000076,WH-003,4,24.06,2025-06-30
PRD-00000077,WH-001,290,19.19,2025-06-30
PRD-00000077,WH-002,369,20.45,2025-06-30
PRD-00000078,WH-002,56,14.03,2025-06-30
PRD-00000078,WH-003,125,13.19,2025-06-30
PRD-00000079,WH-001,305,14.91,2025-06-30
PRD-00000079,WH-003,196,15.85,2025-06-30
PRD-00000080,WH-001,158,6.18,2025-06-30
PRD-00000080,WH-003,238,5.78,2025-06-30
PRD-00000081,WH-001,240,8.47,2025-06-30
PRD-00000081,WH-002,229,9.06,2025-06-30
PRD-00000081,WH-003,126,8.03,2025-06-30
PRD-00000082,WH-001,526,4.78,2025-06-30
PRD-00000082,WH-002,297,4.89,2025-06-30
PRD-00000082,WH-003,267,4.63,2025-06-30
PRD-00000083,WH-002,291,16.87,2025-06-30
PRD-00000083,WH-003,280,14.96,2025-06-30
PRD-00000084,WH-001,143,32.46,2025-06-30
PRD-00000084,WH-002,61,32.34,2025-06-30
PRD-00000084,WH-003,174,31.62,2025-06-30
PRD-00000085,WH-001,41,42.59,2025-06-30
PRD-00000085,WH-002,151,34.88,2025-06-30
PRD-00000085,WH-003,370,42.3,2025-06-30
PRD-00000087,WH-002,60,49.48,2025-06-30
PRD-00000088,WH-003,109,13.58,2025-06-30
PRD-00000089,WH-001,48,14.61,2025-06-30
PRD-00000089,WH-003,23,16.58,2025-06-30
PRD-00000091,WH-001,134,4.3,2025-06-30
PRD-00000091,WH-002,8,4.13,2025-06-30
PRD-00000091,WH-003,144,4.33,2025-06-30
PRD-00000092,WH-001,335,3.85,2025-06-30
PRD-00000092,WH-002,26,3.41,2025-06-30
PRD-00000092,WH-003,219,4.03,2025-06-30
PRD-00000093,WH-001,181,2.74,2025-06-30
PRD-00000093,WH-003,46,2.92,2025-06-30
PRD-00000094,WH-001,123,8.2,2025-06-30
PRD-00000094,WH-002,120,8.73,2025-06-30
PRD-00000094,WH-003,261,8.9,2025-06-30
PRD-00000095,WH-003,514,16.83,2025-06-30
PRD-00000096,WH-001,40,2.0,2025-06-30
PRD-00000096,WH-003,312,2.01,2025-06-30
PRD-00000097,WH-002,145,2.45,2025-06-30
PRD-00000098,WH-002,40,9.56,2025-06-30
PRD-00000098,WH-003,223,9.77,2025-06-30
PRD-00000099,WH-002,75,23.36,2025-06-30
PRD-00000099,WH-003,279,25.34,2025-06-30
PRD-00000100,WH-001,280,5.53,2025-06-30
PRD-00000100,WH-002,351,5.36,2025-06-30
PRD-00000101,WH-001,55,57.32,2025-06-30
PRD-00000101,WH-002,279,51.97,2025-06-30
PRD-00000101,WH-003,137,56.95,2025-06-30
PRD-00000102,WH-001,13,32.1,2025-06-30
PRD-00000102,WH-002,74,35.62,2025-06-30
PRD-00000102,WH-003,150,32.12,2025-06-30
PRD-00000103,WH-001,599,71.67,2025-06-30
PRD-00000103,WH-002,5,70.67,2025-06-30
PRD-00000104,WH-002,114,221.41,2025-06-30
PRD-00000104,WH-003,18,230.15,2025-06-30
PRD-00000105,WH-001,154,121.03,2025-06-30
PRD-00000105,WH-002,259,128.47,2025-06-30
PRD-00000107,WH-002,774,48.93,2025-06-30
PRD-00000107,WH-003,181,46.8,2025-06-30
PRD-00000108,WH-001,194,54.3,2025-06-30
PRD-00000108,WH-003,70,52.66,2025-06-30
PRD-00000109,WH-002,101,123.0,2025-06-30
PRD-00000109,WH-003,55,120.92,2025-06-30
PRD-00000110,WH-002,77,6.89,2025-06-30
PRD-00000110,WH-003,197,6.94,2025-06-30
PRD-00000111,WH-001,63,80.16,2025-06-30
PRD-00000111,WH-002,32,83.39,2025-06-30
PRD-00000111,WH-003,249,78.01,2025-06-30
PRD-00000112,WH-001,145,50.0,2025-06-30
PRD-00000112,WH-003,237,47.26,2025-06-30
PRD-00000113,WH-001,89,9.4,2025-06-30
PRD-00000113,WH-003,149,9.68,2025-06-30
PRD-00000114,WH-002,128,17.69,2025-06-30
PRD-00000115,WH-002,196,30.17,2025-06-30
PRD-00000115,WH-003,370,32.22,2025-06-30
PRD-00000116,WH-002,83,22.72,2025-06-30
PRD-00000116,WH-003,272,21.47,2025-06-30
PRD-00000117,WH-001,85,15.75,2025-06-30
PRD-00000117,WH-002,231,19.17,2025-06-30
PRD-00000118,WH-001,141,11.53,2025-06-30
PRD-00000119,WH-001,109,15.62,2025-06-30
PRD-00000119,WH-003,58,14.61,2025-06-30
PRD-00000120,WH-001,262,5.24,2025-06-30
PRD-00000120,WH-002,123,5.28,2025-06-30
PRD-00000120,WH-003,363,5.2,2025-06-30
PRD-00000121,WH-002,153,6.43,2025-06-30
PRD-00000121,WH-003,242,6.73,2025-06-30
PRD-00000122,WH-001,200,6.33,2025-06-30
PRD-00000122,WH-003,170,5.95,2025-06-30
PRD-00000123,WH-001,75,14.03,2025-06-30
PRD-00000123,WH-002,215,14.27,2025-06-30
PRD-00000124,WH-001,42,29.52,2025-06-30
PRD-00000124,WH-002,598,31.49,2025-06-30
PRD-00000125,WH-001,10,50.97,2025-06-30
PRD-00000125,WH-002,109,55.72,2025-06-30
PRD-00000126,WH-001,272,19.65,2025-06-30
PRD-00000126,WH-003,426,20.42,2025-06-30
PRD-00000127,WH-001,38,51.92,2025-06-30
PRD-00000127,WH-002,338,48.66,2025-06-30
PRD-00000128,WH-001,94,10.82,2025-06-30
PRD-00000128,WH-002,452,10.44,2025-06-30
PRD-00000128,WH-003,266,11.27,2025-06-30
PRD-00000129,WH-001,482,16.47,2025-06-30
PRD-00000129,WH-002,41,15.68,2025-06-30
PRD-00000129,WH-003,203,15.7,2025-06-30
PRD-00000130,WH-001,181,23.09,2025-06-30
PRD-00000131,WH-001,420,4.85,2025-06-30
PRD-00000131,WH-002,324,4.86,2025-06-30
PRD-00000131,WH-003,491,4.85,2025-06-30
PRD-00000132,WH-001,153,3.84,2025-06-30
PRD-00000132,WH-003,164,3.66,2025-06-30
PRD-00000133,WH-001,32,2.77,2025-06-30
PRD-00000133,WH-003,223,2.42,2025-06-30
PRD-00000134,WH-001,346,7.57,2025-06-30
PRD-00000134,WH-003,82,7.62,2025-06-30
PRD-00000135,WH-002,193,13.47,2025-06-30
PRD-00000135,WH-003,234,12.21,2025-06-30
PRD-00000136,WH-001,374,1.86,2025-06-30
PRD-00000136,WH-003,189,1.74,2025-06-30
PRD-00000137,WH-002,415,2.55,2025-06-30
PRD-00000137,WH-003,168,2.42,2025-06-30
PRD-00000138,WH-002,232,12.15,2025-06-30
PRD-00000138,WH-003,23,10.55,2025-06-30
PRD-00000139,WH-001,211,32.7,2025-06-30
PRD-00000139,WH-002,58,31.0,2025-06-30
PRD-00000139,WH-003,117,29.18,2025-06-30
PRD-00000140,WH-001,169,5.12,2025-06-30
PRD-00000140,WH-002,17,5.49,2025-06-30
PRD-00000140,WH-003,532,5.54,2025-06-30
PRD-00000141,WH-002,354,55.4,2025-06-30
PRD-00000141,WH-003,227,56.43,2025-06-30
PRD-00000142,WH-001,203,48.23,2025-06-30
PRD-00000143,WH-001,48,82.56,2025-06-30
PRD-00000143,WH-002,53,74.25,2025-06-30
PRD-00000143,WH-003,95,87.93,2025-06-30
PRD-00000144,WH-001,44,199.51,2025-06-30
PRD-00000144,WH-003,58,189.04,2025-06-30
PRD-00000145,WH-001,401,112.69,2025-06-30
PRD-00000146,WH-001,219,30.55,2025-06-30
PRD-00000146,WH-002,484,26.34,2025-06-30
PRD-00000146,WH-003,105,27.16,2025-06-30
PRD-00000147,WH-001,180,40.56,2025-06-30
PRD-00000147,WH-002,269,36.93,2025-06-30
PRD-00000147,WH-003,253,41.15,2025-06-30
PRD-00000148,WH-002,176,45.75,2025-06-30
PRD-00000149,WH-001,36,110.26,2025-06-30
PRD-00000149,WH-002,350,109.23,2025-06-30
PRD-00000149,WH-003,208,109.05,2025-06-30
PRD-00000150,WH-001,165,9.32,2025-06-30
PRD-00000150,WH-002,142,8.32,2025-06-30
PRD-00000150,WH-003,366,8.75,2025-06-30
PRD-00000151,WH-001,188,103.13,2025-06-30
PRD-00000151,WH-003,313,103.93,2025-06-30
PRD-00000152,WH-001,174,45.18,2025-06-30
PRD-00000152,WH-002,94,42.55,2025-06-30
PRD-00000152,WH-003,164,43.96,2025-06-30
PRD-00000153,WH-001,190,9.22,2025-06-30
PRD-00000154,WH-001,741,21.4,2025-06-30
PRD-00000154,WH-002,3,22.83,2025-06-30
PRD-00000154,WH-003,20,20.17,2025-06-30
PRD-00000155,WH-001,102,31.52,2025-06-30
PRD-00000155,WH-003,110,32.31,2025-06-30
PRD-00000156,WH-001,205,27.53,2025-06-30
PRD-00000156,WH-002,251,24.67,2025-06-30
PRD-00000157,WH-001,549,22.26,2025-06-30
PRD-00000158,WH-001,381,11.7,2025-06-30
PRD-00000158,WH-002,438,11.44,2025-06-30
PRD-00000158,WH-003,141,10.04,2025-06-30
PRD-00000159,WH-001,214,16.27,2025-06-30
PRD-00000159,WH-003,119,17.02,2025-06-30
PRD-00000160,WH-001,195,5.27,2025-06-30
PRD-00000160,WH-003,49,5.23,2025-06-30
PRD-00000161,WH-001,198,8.23,2025-06-30
PRD-00000161,WH-003,414,8.5,2025-06-30
PRD-00000162,WH-001,55,5.5,2025-06-30
PRD-00000162,WH-002,622,6.29,2025-06-30
PRD-00000162,WH-003,127,5.74,2025-06-30
PRD-00000163,WH-001,195,16.36,2025-06-30
PRD-00000164,WH-001,53,33.23,2025-06-30
PRD-00000164,WH-002,215,35.24,2025-06-30
PRD-00000164,WH-003,301,33.02,2025-06-30
PRD-00000165,WH-001,415,41.45,2025-06-30
PRD-00000165,WH-003,225,41.29,2025-06-30
PRD-00000166,WH-001,331,21.74,2025-06-30
PRD-00000166,WH-002,252,23.0,2025-06-30
PRD-00000166,WH-003,404,21.69,2025-06-30
PRD-00000167,WH-001,45,48.13,2025-06-30
PRD-00000167,WH-002,237,44.24,2025-06-30
PRD-00000167,WH-003,249,46.79,2025-06-30
PRD-00000168,WH-001,243,13.21,2025-06-30
PRD-00000168,WH-002,326,11.26,2025-06-30
PRD-00000168,WH-003,198,12.96,2025-06-30
PRD-00000169,WH-002,58,14.82,2025-06-30
PRD-00000169,WH-003,102,15.52,2025-06-30
PRD-00000170,WH-001,72,29.68,2025-06-30
PRD-00000170,WH-002,157,26.14,2025-06-30
PRD-00000170,WH-003,170,25.91,2025-06-30
PRD-00000171,WH-001,309,4.54,2025-06-30
PRD-00000171,WH-002,699,4.73,2025-06-30
PRD-00000172,WH-002,403,3.0,2025-06-30
PRD-00000173,WH-001,18,3.2,2025-06-30
PRD-00000173,WH-002,256,2.88,2025-06-30
PRD-00000173,WH-003,206,2.86,2025-06-30
PRD-00000174,WH-001,441,8.21,2025-06-30
PRD-00000174,WH-002,31,8.49,2025-06-30
PRD-00000174,WH-003,534,7.97,2025-06-30
PRD-00000175,WH-001,58,12.59,2025-06-30
PRD-00000175,WH-002,103,13.77,2025-06-30
PRD-00000175,WH-003,341,14.18,2025-06-30
PRD-00000176,WH-001,214,1.75,2025-06-30
PRD-00000176,WH-002,142,1.79,2025-06-30
PRD-00000176,WH-003,464,1.76,2025-06-30
PRD-00000177,WH-001,344,2.77,2025-06-30
PRD-00000177,WH-003,201,2.8,2025-06-30
PRD-00000178,WH-001,168,12.71,2025-06-30
PRD-00000178,WH-002,20,12.38,2025-06-30
PRD-00000178,WH-003,686,12.2,2025-06-30
PRD-00000179,WH-001,35,30.84,2025-06-30
PRD-00000179,WH-002,484,29.99,2025-06-30
PRD-00000179,WH-003,67,30.31,2025-06-30
PRD-00000181,WH-001,48,57.75,2025-06-30
PRD-00000181,WH-003,80,66.32,2025-06-30
PRD-00000182,WH-001,230,49.97,2025-06-30
PRD-00000182,WH-002,523,46.77,2025-06-30
PRD-00000182,WH-003,68,45.61,2025-06-30
PRD-00000183,WH-001,110,81.0,2025-06-30
PRD-00000183,WH-002,152,90.26,2025-06-30
PRD-00000183,WH-003,175,88.29,2025-06-30
PRD-00000184,WH-001,106,192.11,2025-06-30
PRD-00000184,WH-002,102,192.47,2025-06-30
PRD-00000184,WH-003,387,194.35,2025-06-30
PRD-00000185,WH-001,283,133.82,2025-06-30
PRD-00000186,WH-001,248,30.45,2025-06-30
PRD-00000186,WH-002,99,30.42,2025-06-30
PRD-00000186,WH-003,45,30.59,2025-06-30
PRD-00000187,WH-001,70,42.7,2025-06-30
PRD-00000187,WH-002,406,46.8,2025-06-30
PRD-00000187,WH-003,260,46.97,2025-06-30
PRD-00000188,WH-001,302,51.31,2025-06-30
PRD-00000189,WH-001,40,113.33,2025-06-30
PRD-00000189,WH-003,12,107.17,2025-06-30
PRD-00000190,WH-002,92,7.24,2025-06-30
PRD-00000190,WH-003,190,7.34,2025-06-30
PRD-00000191,WH-001,273,84.18,2025-06-30
PRD-00000191,WH-003,146,79.7,2025-06-30
PRD-00000192,WH-001,123,42.53,2025-06-30
PRD-00000192,WH-002,65,42.57,2025-06-30
PRD-00000193,WH-001,668,9.16,2025-06-30
PRD-00000193,WH-003,19,9.25,2025-06-30
PRD-00000194,WH-001,72,22.93,2025-06-30
PRD-00000194,WH-002,157,25.26,2025-06-30
PRD-00000194,WH-003,402,25.2,2025-06-30
PRD-00000195,WH-001,175,28.34,2025-06-30
PRD-00000195,WH-002,27,28.92,2025-06-30
PRD-00000196,WH-001,95,25.27,2025-06-30
PRD-00000196,WH-003,119,23.82,2025-06-30
PRD-00000197,WH-001,208,19.89,2025-06-30
PRD-00000197,WH-002,9,17.62,2025-06-30
PRD-00000197,WH-003,4,20.34,2025-06-30
PRD-00000199,WH-001,113,13.7,2025-06-30
PRD-00000199,WH-002,538,14.57,2025-06-30
PRD-00000200,WH-001,133,4.55,2025-06-30
PRD-00000200,WH-002,57,4.82,2025-06-30
PRD-00000200,WH-003,362,4.52,2025-06-30
PRD-00000201,WH-001,7,7.44,2025-06-30
PRD-00000201,WH-002,377,7.42,2025-06-30
PRD-00000201,WH-003,239,7.42,2025-06-30
PRD-00000202,WH-001,257,5.18,2025-06-30
PRD-00000202,WH-002,213,5.65,2025-06-30
PRD-00000202,WH-003,60,5.23,2025-06-30
PRD-00000203,WH-001,5,13.41,2025-06-30
PRD-00000203,WH-003,323,14.34,2025-06-30
PRD-00000204,WH-002,162,28.82,2025-06-30
PRD-00000204,WH-003,24,26.39,2025-06-30
PRD-00000205,WH-002,497,40.33,2025-06-30
PRD-00000206,WH-001,190,21.34,2025-06-30
PRD-00000206,WH-003,342,20.93,2025-06-30
PRD-00000207,WH-001,252,60.68,2025-06-30
PRD-00000207,WH-002,576,58.38,2025-06-30
PRD-00000208,WH-002,620,13.47,2025-06-30
PRD-00000208,WH-003,416,12.58,2025-06-30
PRD-00000209,WH-002,238,20.5,2025-06-30
PRD-00000210,WH-002,154,30.34,2025-06-30
PRD-00000211,WH-001,315,4.08,2025-06-30
PRD-00000211,WH-002,92,3.88,2025-06-30
PRD-00000211,WH-003,3,4.61,2025-06-30
PRD-00000212,WH-001,119,3.86,2025-06-30
PRD-00000212,WH-002,311,3.49,2025-06-30
PRD-00000212,WH-003,336,3.74,2025-06-30
PRD-00000213,WH-001,432,3.0,2025-06-30
PRD-00000213,WH-002,222,3.04,2025-06-30
PRD-00000213,WH-003,57,2.98,2025-06-30
PRD-00000214,WH-003,193,7.79,2025-06-30
PRD-00000215,WH-001,325,16.23,2025-06-30
PRD-00000215,WH-002,284,15.26,2025-06-30
PRD-00000215,WH-003,444,14.97,2025-06-30
PRD-00000216,WH-002,301,1.81,2025-06-30
PRD-00000216,WH-003,201,1.77,2025-06-30
PRD-00000217,WH-001,31,2.18,2025-06-30
PRD-00000217,WH-002,91,2.23,2025-06-30
PRD-00000217,WH-003,20,2.17,2025-06-30
PRD-00000218,WH-001,278,11.72,2025-06-30
PRD-00000218,WH-003,208,10.87,2025-06-30
PRD-00000219,WH-001,118,25.49,2025-06-30
PRD-00000219,WH-002,238,31.55,2025-06-30
PRD-00000220,WH-002,314,5.61,2025-06-30
PRD-00000220,WH-003,43,5.1,2025-06-30
PRD-00000221,WH-002,177,61.93,2025-06-30
PRD-00000221,WH-003,43,53.15,2025-06-30
PRD-00000222,WH-001,98,45.32,2025-06-30
PRD-00000222,WH-003,245,43.22,2025-06-30
PRD-00000223,WH-002,135,79.55,2025-06-30
PRD-00000224,WH-001,149,176.95,2025-06-30
PRD-00000224,WH-002,243,190.36,2025-06-30
PRD-00000225,WH-001,666,126.6,2025-06-30
PRD-00000225,WH-002,20,127.47,2025-06-30
PRD-00000225,WH-003,125,130.01,2025-06-30
PRD-00000226,WH-001,101,28.47,2025-06-30
PRD-00000226,WH-002,639,31.77,2025-06-30
PRD-00000226,WH-003,253,30.61,2025-06-30
PRD-00000227,WH-001,522,41.87,2025-06-30
PRD-00000227,WH-002,225,40.15,2025-06-30
PRD-00000227,WH-003,157,43.68,2025-06-30
PRD-00000228,WH-002,177,64.93,2025-06-30
PRD-00000228,WH-003,489,65.96,2025-06-30
PRD-00000229,WH-002,495,104.3,2025-06-30
PRD-00000229,WH-003,297,112.06,2025-06-30
PRD-00000230,WH-001,307,8.5,2025-06-30
PRD-00000230,WH-002,161,8.38,2025-06-30
PRD-00000231,WH-001,178,90.96,2025-06-30
PRD-00000231,WH-002,532,89.19,2025-06-30
PRD-00000231,WH-003,531,91.92,2025-06-30
PRD-00000232,WH-001,308,42.52,2025-06-30
PRD-00000232,WH-002,237,45.07,2025-06-30
PRD-00000232,WH-003,145,39.75,2025-06-30
PRD-00000233,WH-001,113,10.2,2025-06-30
PRD-00000233,WH-002,74,10.44,2025-06-30
PRD-00000233,WH-003,288,10.36,2025-06-30
PRD-00000234,WH-001,191,25.05,2025-06-30
PRD-00000235,WH-002,90,26.22,2025-06-30
PRD-00000235,WH-003,48,25.8,2025-06-30
PRD-00000236,WH-001,136,19.8,2025-06-30
PRD-00000236,WH-002,681,21.44,2025-06-30
PRD-00000236,WH-003,3,20.84,2025-06-30
PRD-00000237,WH-001,97,20.9,2025-06-30
PRD-00000237,WH-002,649,19.4,2025-06-30
PRD-00000237,WH-003,137,19.51,2025-06-30
PRD-00000238,WH-001,117,12.11,2025-06-30
PRD-00000238,WH-003,193,11.54,2025-06-30
PRD-00000239,WH-001,237,15.5,2025-06-30
PRD-00000239,WH-002,56,17.25,2025-06-30
PRD-00000239,WH-003,24,15.31,2025-06-30
PRD-00000240,WH-001,324,6.22,2025-06-30
PRD-00000240,WH-002,362,6.48,2025-06-30
PRD-00000240,WH-003,131,5.65,2025-06-30
PRD-00000241,WH-001,391,8.17,2025-06-30
PRD-00000241,WH-002,821,8.25,2025-06-30
PRD-00000241,WH-003,177,7.51,2025-06-30
PRD-00000242,WH-001,62,5.72,2025-06-30
PRD-00000242,WH-002,450,5.8,2025-06-30
PRD-00000242,WH-003,200,5.97,2025-06-30
PRD-00000243,WH-001,88,15.87,2025-06-30
PRD-00000243,WH-002,106,16.54,2025-06-30
PRD-00000243,WH-003,35,16.54,2025-06-30
PRD-00000244,WH-001,275,30.39,2025-06-30
PRD-00000244,WH-002,184,28.52,2025-06-30
PRD-00000244,WH-003,160,29.68,2025-06-30
PRD-00000245,WH-002,181,52.12,2025-06-30
PRD-00000245,WH-003,202,54.78,2025-06-30
PRD-00000246,WH-001,328,20.95,2025-06-30
PRD-00000246,WH-002,292,23.71,2025-06-30
PRD-00000246,WH-003,229,23.52,2025-06-30
PRD-00000247,WH-001,209,62.44,2025-06-30
PRD-00000247,WH-002,96,58.09,2025-06-30
PRD-00000247,WH-003,75,57.31,2025-06-30
PRD-00000248,WH-001,318,11.66,2025-06-30
PRD-00000249,WH-001,278,17.33,2025-06-30
PRD-00000249,WH-002,610,16.05,2025-06-30
PRD-00000249,WH-003,75,18.03,2025-06-30
PRD-00000250,WH-001,111,28.43,2025-06-30
PRD-00000250,WH-002,273,25.54,2025-06-30
PRD-00000250,WH-003,139,28.19,2025-06-30
PRD-00000251,WH-001,299,4.11,2025-06-30
PRD-00000251,WH-003,170,4.2,2025-06-30
PRD-00000252,WH-001,75,3.59,2025-06-30
PRD-00000252,WH-003,184,3.94,2025-06-30
PRD-00000253,WH-002,231,3.33,2025-06-30
PRD-00000253,WH-003,466,3.23,2025-06-30
PRD-00000254,WH-001,60,7.76,2025-06-30
PRD-00000254,WH-002,544,7.66,2025-06-30
PRD-00000254,WH-003,84,6.51,2025-06-30
PRD-00000255,WH-001,153,15.3,2025-06-30
PRD-00000255,WH-003,260,15.74,2025-06-30
PRD-00000256,WH-001,172,1.45,2025-06-30
PRD-00000256,WH-002,176,1.46,2025-06-30
PRD-00000256,WH-003,273,1.5,2025-06-30
PRD-00000257,WH-001,236,2.33,2025-06-30
PRD-00000257,WH-002,29,2.31,2025-06-30
PRD-00000257,WH-003,230,2.17,2025-06-30
PRD-00000258,WH-001,254,13.27,2025-06-30
PRD-00000258,WH-002,54,12.86,2025-06-30
PRD-00000258,WH-003,782,13.72,2025-06-30
PRD-00000259,WH-002,198,31.23,2025-06-30
PRD-00000259,WH-003,224,31.52,2025-06-30
PRD-00000260,WH-001,274,5.2,2025-06-30
PRD-00000260,WH-002,103,5.43,2025-06-30
PRD-00000260,WH-003,437,5.12,2025-06-30
PRD-00000261,WH-001,386,57.63,2025-06-30
PRD-00000261,WH-002,60,61.58,2025-06-30
PRD-00000261,WH-003,9,55.74,2025-06-30
PRD-00000262,WH-001,259,42.73,2025-06-30
PRD-00000262,WH-002,227,40.8,2025-06-30
PRD-00000262,WH-003,232,42.52,2025-06-30
PRD-00000263,WH-001,164,79.88,2025-06-30
PRD-00000263,WH-002,503,77.69,2025-06-30
PRD-00000263,WH-003,161,77.45,2025-06-30
PRD-00000264,WH-002,429,215.22,2025-06-30
PRD-00000265,WH-001,83,111.56,2025-06-30
PRD-00000265,WH-002,58,109.82,2025-06-30
PRD-00000265,WH-003,212,116.21,2025-06-30
PRD-00000266,WH-001,39,31.22,2025-06-30
PRD-00000267,WH-001,136,53.27,2025-06-30
PRD-00000268,WH-001,294,59.37,2025-06-30
PRD-00000268,WH-002,269,61.6,2025-06-30
PRD-00000269,WH-001,30,104.45,2025-06-30
PRD-00000269,WH-002,351,96.52,2025-06-30
PRD-00000269,WH-003,181,94.05,2025-06-30
PRD-00000270,WH-002,127,7.51,2025-06-30
PRD-00000271,WH-001,257,86.51,2025-06-30
PRD-00000271,WH-002,225,91.57,2025-06-30
PRD-00000271,WH-003,138,87.91,2025-06-30
PRD-00000272,WH-001,483,46.25,2025-06-30
PRD-00000272,WH-003,249,45.05,2025-06-30
PRD-00000273,WH-001,310,8.19,2025-06-30
PRD-00000273,WH-002,184,8.3,2025-06-30
PRD-00000273,WH-003,349,8.52,2025-06-30
PRD-00000274,WH-001,324,23.68,2025-06-30
PRD-00000274,WH-002,34,21.83,2025-06-30
PRD-00000275,WH-001,113,31.39,2025-06-30
PRD-00000275,WH-002,109,27.09,2025-06-30
PRD-00000275,WH-003,46,26.34,2025-06-30
PRD-00000276,WH-001,70,22.49,2025-06-30
PRD-00000276,WH-002,72,21.38,2025-06-30
PRD-00000276,WH-003,318,23.4,2025-06-30
PRD-00000277,WH-001,243,15.66,2025-06-30
PRD-00000277,WH-002,12,18.91,2025-06-30
PRD-00000277,WH-003,203,18.6,2025-06-30
PRD-00000278,WH-001,305,13.58,2025-06-30
PRD-00000278,WH-003,108,14.03,2025-06-30
PRD-00000279,WH-002,326,14.61,2025-06-30
PRD-00000280,WH-001,49,6.1,2025-06-30
PRD-00000280,WH-003,51,6.0,2025-06-30
PRD-00000281,WH-001,23,8.17,2025-06-30
PRD-00000281,WH-002,218,8.16,2025-06-30
PRD-00000281,WH-003,461,8.69,2025-06-30
PRD-00000282,WH-001,232,4.77,2025-06-30
PRD-00000282,WH-003,112,5.08,2025-06-30
PRD-00000283,WH-001,212,14.63,2025-06-30
PRD-00000283,WH-002,567,15.36,2025-06-30
PRD-00000284,WH-001,70,24.56,2025-06-30
PRD-00000284,WH-002,34,27.86,2025-06-30
PRD-00000284,WH-003,72,28.69,2025-06-30
PRD-00000285,WH-002,175,46.89,2025-06-30
PRD-00000286,WH-002,74,19.74,2025-06-30
PRD-00000287,WH-001,381,58.08,2025-06-30
PRD-00000287,WH-002,196,54.84,2025-06-30
PRD-00000287,WH-003,422,59.12,2025-06-30
PRD-00000288,WH-001,171,11.35,2025-06-30
PRD-00000288,WH-003,291,11.78,2025-06-30
PRD-00000289,WH-002,10,18.52,2025-06-30
PRD-00000289,WH-003,248,19.45,2025-06-30
PRD-00000290,WH-001,130,30.58,2025-06-30
PRD-00000290,WH-003,166,34.25,2025-06-30
PRD-00000291,WH-001,170,5.19,2025-06-30
PRD-00000291,WH-002,17,4.86,2025-06-30
PRD-00000291,WH-003,113,4.67,2025-06-30
PRD-00000292,WH-002,213,3.81,2025-06-30
PRD-00000292,WH-003,213,3.59,2025-06-30
PRD-00000293,WH-001,64,2.92,2025-06-30
PRD-00000293,WH-002,237,2.85,2025-06-30
PRD-00000294,WH-001,160,6.76,2025-06-30
PRD-00000294,WH-002,358,7.11,2025-06-30
PRD-00000294,WH-003,139,6.86,2025-06-30
PRD-00000295,WH-001,77,13.86,2025-06-30
PRD-00000295,WH-002,145,13.78,2025-06-30
PRD-00000295,WH-003,96,13.51,2025-06-30
PRD-00000296,WH-001,23,2.15,2025-06-30
PRD-00000296,WH-002,350,1.89,2025-06-30
PRD-00000297,WH-001,216,2.66,2025-06-30
PRD-00000297,WH-003,305,2.59,2025-06-30
PRD-00000298,WH-001,71,10.93,2025-06-30
PRD-00000298,WH-002,115,10.4,2025-06-30
PRD-00000299,WH-001,281,30.58,2025-06-30
PRD-00000299,WH-002,75,31.27,2025-06-30
PRD-00000299,WH-003,239,29.44,2025-06-30
PRD-00000300,WH-002,32,5.46,2025-06-30
PRD-00000301,WH-002,498,47.19,2025-06-30
PRD-00000301,WH-003,7,45.06,2025-06-30
PRD-00000302,WH-001,76,48.34,2025-06-30
PRD-00000302,WH-002,102,45.48,2025-06-30
PRD-00000302,WH-003,54,45.55,2025-06-30
PRD-00000303,WH-001,130,76.21,2025-06-30
PRD-00000303,WH-002,330,76.62,2025-06-30
PRD-00000304,WH-001,309,226.59,2025-06-30
PRD-00000304,WH-002,480,225.14,2025-06-30
PRD-00000304,WH-003,97,205.06,2025-06-30
PRD-00000305,WH-001,161,128.62,2025-06-30
PRD-00000305,WH-002,7,130.8,2025-06-30
PRD-00000305,WH-003,76,128.37,2025-06-30
PRD-00000306,WH-001,33,24.78,2025-06-30
PRD-00000306,WH-003,7,26.61,2025-06-30
PRD-00000307,WH-003,145,47.25,2025-06-30
PRD-00000308,WH-001,254,50.23,2025-06-30
PRD-00000308,WH-003,250,50.45,2025-06-30
PRD-00000309,WH-001,174,104.33,2025-06-30
PRD-00000309,WH-003,121,100.65,2025-06-30
PRD-00000310,WH-001,96,8.96,2025-06-30
PRD-00000310,WH-003,80,8.16,2025-06-30
PRD-00000311,WH-001,357,78.34,2025-06-30
PRD-00000311,WH-002,8,83.74,2025-06-30
PRD-00000312,WH-002,46,46.83,2025-06-30
PRD-00000313,WH-001,219,10.08,2025-06-30
PRD-00000313,WH-003,196,8.48,2025-06-30
PRD-00000314,WH-001,116,20.84,2025-06-30
PRD-00000314,WH-003,40,19.63,2025-06-30
PRD-00000315,WH-001,234,31.41,2025-06-30
PRD-00000315,WH-002,383,33.04,2025-06-30
PRD-00000315,WH-003,95,30.3,2025-06-30
PRD-00000316,WH-001,134,23.52,2025-06-30
PRD-00000316,WH-003,243,25.31,2025-06-30
PRD-00000317,WH-001,283,19.09,2025-06-30
PRD-00000317,WH-002,302,19.56,2025-06-30
PRD-00000317,WH-003,185,19.98,2025-06-30
PRD-00000318,WH-001,131,10.59,2025-06-30
PRD-00000318,WH-003,353,11.17,2025-06-30
PRD-00000319,WH-001,29,15.22,2025-06-30
PRD-00000319,WH-002,665,15.3,2025-06-30
PRD-00000320,WH-001,157,4.6,2025-06-30
PRD-00000320,WH-002,428,4.53,2025-06-30
PRD-00000320,WH-003,474,4.81,2025-06-30
PRD-00000321,WH-001,344,7.59,2025-06-30
PRD-00000321,WH-002,195,8.15,2025-06-30
PRD-00000322,WH-001,344,5.85,2025-06-30
PRD-00000322,WH-002,378,5.47,2025-06-30
PRD-00000322,WH-003,9,5.68,2025-06-30
PRD-00000323,WH-001,171,15.21,2025-06-30
PRD-00000323,WH-002,270,15.46,2025-06-30
PRD-00000323,WH-003,72,14.79,2025-06-30
PRD-00000324,WH-002,25,26.35,2025-06-30
PRD-00000325,WH-001,256,47.52,2025-06-30
PRD-00000325,WH-002,78,48.94,2025-06-30
PRD-00000326,WH-001,57,17.0,2025-06-30
PRD-00000326,WH-002,399,19.84,2025-06-30
PRD-00000326,WH-003,64,18.59,2025-06-30
PRD-00000327,WH-001,201,56.65,2025-06-30
PRD-00000327,WH-002,371,55.31,2025-06-30
PRD-00000327,WH-003,252,54.74,2025-06-30
PRD-00000328,WH-001,667,11.23,2025-06-30
PRD-00000328,WH-002,152,11.39,2025-06-30
PRD-00000328,WH-003,43,11.3,2025-06-30
PRD-00000329,WH-001,176,17.07,2025-06-30
PRD-00000329,WH-002,340,16.14,2025-06-30
PRD-00000329,WH-003,243,17.8,2025-06-30
PRD-00000330,WH-001,217,24.02,2025-06-30
PRD-00000330,WH-002,82,22.86,2025-06-30
PRD-00000331,WH-001,210,4.74,2025-06-30
PRD-00000331,WH-002,380,4.0,2025-06-30
PRD-00000331,WH-003,168,4.26,2025-06-30
PRD-00000332,WH-002,95,3.21,2025-06-30
PRD-00000332,WH-003,32,3.29,2025-06-30
PRD-00000333,WH-001,141,2.66,2025-06-30
PRD-00000333,WH-002,178,2.87,2025-06-30
PRD-00000333,WH-003,225,2.59,2025-06-30
PRD-00000334,WH-001,423,7.2,2025-06-30
PRD-00000334,WH-002,426,6.89,2025-06-30
PRD-00000334,WH-003,524,7.02,2025-06-30
PRD-00000335,WH-001,370,15.67,2025-06-30
PRD-00000335,WH-002,323,16.53,2025-06-30
PRD-00000336,WH-001,179,1.54,2025-06-30
PRD-00000336,WH-002,108,1.73,2025-06-30
PRD-00000337,WH-002,75,2.35,2025-06-30
PRD-00000337,WH-003,70,2.06,2025-06-30
PRD-00000338,WH-001,495,12.65,2025-06-30
PRD-00000338,WH-002,206,13.02,2025-06-30
PRD-00000338,WH-003,140,13.15,2025-06-30
PRD-00000339,WH-001,464,27.71,2025-06-30
PRD-00000339,WH-002,328,29.67,2025-06-30
PRD-00000339,WH-003,416,27.67,2025-06-30
PRD-00000340,WH-001,141,5.18,2025-06-30
PRD-00000340,WH-002,81,5.25,2025-06-30
PRD-00000341,WH-001,396,57.95,2025-06-30
PRD-00000341,WH-003,308,57.06,2025-06-30
PRD-00000342,WH-001,62,34.43,2025-06-30
PRD-00000342,WH-003,148,38.06,2025-06-30
PRD-00000343,WH-001,144,70.65,2025-06-30
PRD-00000343,WH-002,603,82.02,2025-06-30
PRD-00000343,WH-003,365,85.75,2025-06-30
PRD-00000344,WH-001,197,205.44,2025-06-30
PRD-00000344,WH-003,438,205.43,2025-06-30
PRD-00000345,WH-001,36,108.73,2025-06-30
PRD-00000345,WH-003,31,123.39,2025-06-30
PRD-00000346,WH-001,203,26.56,2025-06-30
PRD-00000346,WH-002,279,24.97,2025-06-30
PRD-00000347,WH-001,73,42.94,2025-06-30
PRD-00000347,WH-003,276,39.85,2025-06-30
PRD-00000348,WH-002,280,48.02,2025-06-30
PRD-00000348,WH-003,734,51.29,2025-06-30
PRD-00000349,WH-001,453,110.76,2025-06-30
PRD-00000349,WH-002,90,118.21,2025-06-30
PRD-00000349,WH-003,120,111.4,2025-06-30
PRD-00000350,WH-001,128,6.96,2025-06-30
PRD-00000350,WH-002,4,6.77,2025-06-30
PRD-00000351,WH-001,74,73.35,2025-06-30
PRD-00000351,WH-002,522,80.0,2025-06-30
PRD-00000351,WH-003,110,76.18,2025-06-30
PRD-00000352,WH-001,143,40.99,2025-06-30
PRD-00000352,WH-002,49,42.8,2025-06-30
PRD-00000352,WH-003,122,44.62,2025-06-30
PRD-00000353,WH-002,153,9.66,2025-06-30
PRD-00000353,WH-003,83,10.04,2025-06-30
PRD-00000354,WH-001,13,22.35,2025-06-30
PRD-00000354,WH-002,565,21.55,2025-06-30
PRD-00000354,WH-003,125,22.63,2025-06-30
PRD-00000355,WH-001,342,28.58,2025-06-30
PRD-00000355,WH-002,61,27.68,2025-06-30
PRD-00000356,WH-001,4,19.71,2025-06-30
PRD-00000356,WH-002,716,22.14,2025-06-30
PRD-00000356,WH-003,154,20.91,2025-06-30
PRD-00000357,WH-001,73,16.87,2025-06-30
PRD-00000357,WH-003,137,16.48,2025-06-30
PRD-00000358,WH-001,157,12.68,2025-06-30
PRD-00000358,WH-002,317,12.08,2025-06-30
PRD-00000358,WH-003,415,12.51,2025-06-30
PRD-00000359,WH-001,343,17.58,2025-06-30
PRD-00000359,WH-002,14,18.35,2025-06-30
PRD-00000359,WH-003,257,18.52,2025-06-30
PRD-00000360,WH-001,28,5.77,2025-06-30
PRD-00000360,WH-002,39,6.05,2025-06-30
PRD-00000360,WH-003,319,6.18,2025-06-30
PRD-00000361,WH-001,474,7.84,2025-06-30
PRD-00000361,WH-002,103,7.71,2025-06-30
PRD-00000362,WH-001,153,4.99,2025-06-30
PRD-00000362,WH-002,45,4.96,2025-06-30
PRD-00000362,WH-003,386,4.89,2025-06-30
PRD-00000363,WH-001,303,13.31,2025-06-30
PRD-00000363,WH-002,2,15.46,2025-06-30
PRD-00000363,WH-003,153,13.63,2025-06-30
PRD-00000364,WH-002,154,30.65,2025-06-30
PRD-00000364,WH-003,178,30.81,2025-06-30
PRD-00000365,WH-001,257,43.97,2025-06-30
PRD-00000365,WH-002,263,44.62,2025-06-30
PRD-00000365,WH-003,94,48.05,2025-06-30
PRD-00000366,WH-001,250,20.91,2025-06-30
PRD-00000366,WH-002,192,18.91,2025-06-30
PRD-00000366,WH-003,164,19.16,2025-06-30
PRD-00000367,WH-003,521,60.33,2025-06-30
PRD-00000368,WH-002,18,11.11,2025-06-30
PRD-00000369,WH-001,74,19.03,2025-06-30
PRD-00000369,WH-002,107,20.15,2025-06-30
PRD-00000369,WH-003,255,18.85,2025-06-30
PRD-00000370,WH-001,139,26.05,2025-06-30
PRD-00000370,WH-002,164,28.57,2025-06-30
PRD-00000371,WH-001,149,5.46,2025-06-30
PRD-00000371,WH-002,417,5.22,2025-06-30
PRD-00000371,WH-003,241,4.93,2025-06-30
PRD-00000372,WH-001,338,4.16,2025-06-30
PRD-00000372,WH-002,334,4.35,2025-06-30
PRD-00000372,WH-003,325,4.14,2025-06-30
PRD-00000373,WH-002,248,2.69,2025-06-30
PRD-00000374,WH-001,389,8.06,2025-06-30
PRD-00000374,WH-003,662,7.98,2025-06-30
PRD-00000375,WH-002,159,14.92,2025-06-30
PRD-00000375,WH-003,227,15.02,2025-06-30
PRD-00000376,WH-001,73,2.01,2025-06-30
PRD-00000376,WH-002,98,1.96,2025-06-30
PRD-00000377,WH-002,41,2.96,2025-06-30
PRD-00000377,WH-003,197,2.77,2025-06-30
PRD-00000378,WH-001,175,13.18,2025-06-30
PRD-00000378,WH-002,410,11.19,2025-06-30
PRD-00000378,WH-003,378,11.3,2025-06-30
PRD-00000379,WH-001,534,32.08,2025-06-30
PRD-00000379,WH-002,36,31.67,2025-06-30
PRD-00000379,WH-003,51,30.35,2025-06-30
PRD-00000380,WH-002,358,5.15,2025-06-30
PRD-00000380,WH-003,699,5.82,2025-06-30
PRD-00000381,WH-001,47,45.84,2025-06-30
PRD-00000381,WH-003,268,49.33,2025-06-30
PRD-00000382,WH-001,72,50.08,2025-06-30
PRD-00000382,WH-002,57,49.08,2025-06-30
PRD-00000382,WH-003,188,48.14,2025-06-30
PRD-00000383,WH-002,140,79.16,2025-06-30
PRD-00000384,WH-001,396,213.6,2025-06-30
PRD-00000384,WH-002,582,215.16,2025-06-30
PRD-00000384,WH-003,260,214.27,2025-06-30
PRD-00000385,WH-002,95,139.38,2025-06-30
PRD-00000385,WH-003,181,128.89,2025-06-30
PRD-00000386,WH-001,31,32.21,2025-06-30
PRD-00000386,WH-003,149,36.46,2025-06-30
PRD-00000387,WH-001,295,49.09,2025-06-30
PRD-00000387,WH-002,296,50.28,2025-06-30
PRD-00000387,WH-003,45,48.28,2025-06-30
PRD-00000388,WH-001,131,58.62,2025-06-30
PRD-00000388,WH-002,161,56.79,2025-06-30
PRD-00000388,WH-003,362,58.72,2025-06-30
PRD-00000389,WH-001,448,105.58,2025-06-30
PRD-00000389,WH-002,72,103.5,2025-06-30
PRD-00000389,WH-003,159,102.04,2025-06-30
PRD-00000390,WH-003,51,6.95,2025-06-30
PRD-00000391,WH-002,144,108.76,2025-06-30
PRD-00000391,WH-003,362,105.19,2025-06-30
PRD-00000392,WH-001,597,48.23,2025-06-30
PRD-00000392,WH-002,45,51.36,2025-06-30
PRD-00000392,WH-003,253,43.13,2025-06-30
PRD-00000393,WH-001,24,8.89,2025-06-30
PRD-00000393,WH-002,265,8.79,2025-06-30
PRD-00000393,WH-003,57,7.83,2025-06-30
PRD-00000394,WH-001,298,23.77,2025-06-30
PRD-00000394,WH-003,223,25.16,2025-06-30
PRD-00000395,WH-001,55,29.44,2025-06-30
PRD-00000395,WH-002,231,30.0,2025-06-30
PRD-00000395,WH-003,11,29.55,2025-06-30
PRD-00000396,WH-001,110,21.54,2025-06-30
PRD-00000396,WH-002,124,20.7,2025-06-30
PRD-00000396,WH-003,56,21.14,2025-06-30
PRD-00000397,WH-001,73,19.71,2025-06-30
PRD-00000397,WH-002,92,19.52,2025-06-30
PRD-00000397,WH-003,56,20.08,2025-06-30
PRD-00000398,WH-001,203,13.15,2025-06-30
PRD-00000398,WH-002,308,13.08,2025-06-30
PRD-00000398,WH-003,116,13.47,2025-06-30
PRD-00000399,WH-001,248,14.99,2025-06-30
PRD-00000399,WH-002,75,14.67,2025-06-30
PRD-00000399,WH-003,39,15.96,2025-06-30
PRD-00000400,WH-001,18,5.1,2025-06-30
PRD-00000400,WH-002,38,5.02,2025-06-30
PRD-00000400,WH-003,147,5.26,2025-06-30
PRD-00000401,WH-001,260,7.49,2025-06-30
PRD-00000401,WH-002,215,8.32,2025-06-30
PRD-00000401,WH-003,558,8.02,2025-06-30
PRD-00000402,WH-001,641,5.49,2025-06-30
PRD-00000402,WH-002,224,5.32,2025-06-30
PRD-00000402,WH-003,127,5.35,2025-06-30
PRD-00000403,WH-002,9,12.47,2025-06-30
PRD-00000404,WH-001,356,34.48,2025-06-30
PRD-00000404,WH-002,79,33.06,2025-06-30
PRD-00000405,WH-001,259,50.02,2025-06-30
PRD-00000405,WH-002,269,52.78,2025-06-30
PRD-00000405,WH-003,409,52.78,2025-06-30
PRD-00000406,WH-001,137,19.0,2025-06-30
PRD-00000406,WH-002,25,17.1,2025-06-30
PRD-00000407,WH-001,35,66.59,2025-06-30
PRD-00000407,WH-002,135,54.04,2025-06-30
PRD-00000408,WH-001,253,11.93,2025-06-30
PRD-00000408,WH-002,667,11.32,2025-06-30
PRD-00000408,WH-003,194,12.19,2025-06-30
PRD-00000409,WH-001,147,14.38,2025-06-30
PRD-00000410,WH-001,7,25.02,2025-06-30
PRD-00000410,WH-002,206,26.92,2025-06-30
PRD-00000410,WH-003,177,27.08,2025-06-30
PRD-00000411,WH-001,308,5.01,2025-06-30
PRD-00000411,WH-002,303,5.12,2025-06-30
PRD-00000411,WH-003,158,5.27,2025-06-30
PRD-00000412,WH-001,292,3.43,2025-06-30
PRD-00000412,WH-002,124,3.49,2025-06-30
PRD-00000412,WH-003,24,3.58,2025-06-30
PRD-00000413,WH-001,375,3.25,2025-06-30
PRD-00000413,WH-002,322,3.14,2025-06-30
PRD-00000413,WH-003,225,3.04,2025-06-30
PRD-00000414,WH-001,217,7.32,2025-06-30
PRD-00000414,WH-002,169,7.41,2025-06-30
PRD-00000414,WH-003,187,7.18,2025-06-30
PRD-00000415,WH-001,408,16.9,2025-06-30
PRD-00000415,WH-002,426,17.72,2025-06-30
PRD-00000415,WH-003,289,16.99,2025-06-30
PRD-00000416,WH-001,170,1.7,2025-06-30
PRD-00000416,WH-002,199,1.69,2025-06-30
PRD-00000416,WH-003,78,1.74,2025-06-30
PRD-00000417,WH-001,167,2.28,2025-06-30
PRD-00000417,WH-003,21,2.26,2025-06-30
PRD-00000418,WH-001,162,13.9,2025-06-30
PRD-00000418,WH-002,187,13.7,2025-06-30
PRD-00000419,WH-001,493,30.68,2025-06-30
PRD-00000419,WH-002,80,32.32,2025-06-30
PRD-00000419,WH-003,69,33.5,2025-06-30
PRD-00000420,WH-001,135,5.42,2025-06-30
PRD-00000420,WH-002,264,5.49,2025-06-30
PRD-00000420,WH-003,92,5.12,2025-06-30
PRD-00000421,WH-001,103,57.8,2025-06-30
PRD-00000421,WH-003,12,62.38,2025-06-30
PRD-00000422,WH-001,95,44.51,2025-06-30
PRD-00000422,WH-002,126,45.07,2025-06-30
PRD-00000422,WH-003,288,49.27,2025-06-30
PRD-00000423,WH-001,45,89.04,2025-06-30
PRD-00000423,WH-003,234,84.91,2025-06-30
PRD-00000424,WH-001,56,224.02,2025-06-30
PRD-00000424,WH-002,221,214.97,2025-06-30
PRD-00000424,WH-003,22,229.57,2025-06-30
PRD-00000425,WH-002,27,101.21,2025-06-30
PRD-00000425,WH-003,199,112.93,2025-06-30
PRD-00000426,WH-001,12,27.32,2025-06-30
PRD-00000426,WH-002,149,26.16,2025-06-30
PRD-00000427,WH-001,658,53.49,2025-06-30
PRD-00000428,WH-002,271,58.22,2025-06-30
PRD-00000429,WH-001,110,120.29,2025-06-30
PRD-00000429,WH-002,107,112.77,2025-06-30
PRD-00000429,WH-003,53,106.91,2025-06-30
PRD-00000430,WH-001,176,6.75,2025-06-30
PRD-00000430,WH-003,507,6.54,2025-06-30
PRD-00000431,WH-001,344,91.77,2025-06-30
PRD-00000431,WH-002,169,95.83,2025-06-30
PRD-00000432,WH-001,180,44.12,2025-06-30
PRD-00000432,WH-002,56,42.98,2025-06-30
PRD-00000432,WH-003,523,45.58,2025-06-30
PRD-00000433,WH-002,127,9.35,2025-06-30
PRD-00000433,WH-003,51,9.16,2025-06-30
PRD-00000434,WH-001,397,18.65,2025-06-30
PRD-00000434,WH-002,104,18.05,2025-06-30
PRD-00000434,WH-003,62,19.51,2025-06-30
PRD-00000435,WH-003,385,34.13,2025-06-30
PRD-00000436,WH-001,28,19.25,2025-06-30
PRD-00000436,WH-002,77,20.49,2025-06-30
PRD-00000436,WH-003,304,18.72,2025-06-30
PRD-00000437,WH-001,151,14.48,2025-06-30
PRD-00000438,WH-001,364,11.79,2025-06-30
PRD-00000438,WH-002,148,11.58,2025-06-30
PRD-00000438,WH-003,230,12.12,2025-06-30
PRD-00000439,WH-002,166,12.86,2025-06-30
PRD-00000440,WH-002,374,5.3,2025-06-30
PRD-00000440,WH-003,373,5.16,2025-06-30
PRD-00000441,WH-001,224,7.88,2025-06-30
PRD-00000441,WH-002,297,7.97,2025-06-30
PRD-00000441,WH-003,284,8.3,2025-06-30
PRD-00000442,WH-003,178,5.67,2025-06-30
PRD-00000443,WH-001,19,17.88,2025-06-30
PRD-00000443,WH-002,213,16.24,2025-06-30
PRD-00000443,WH-003,249,17.6,2025-06-30
PRD-00000444,WH-001,346,32.57,2025-06-30
PRD-00000444,WH-003,171,30.24,2025-06-30
PRD-00000445,WH-001,280,47.3,2025-06-30
PRD-00000445,WH-002,175,48.13,2025-06-30
PRD-00000445,WH-003,211,48.0,2025-06-30
PRD-00000446,WH-001,138,21.51,2025-06-30
PRD-00000446,WH-002,113,21.03,2025-06-30
PRD-00000446,WH-003,221,20.66,2025-06-30
PRD-00000447,WH-001,154,59.19,2025-06-30
PRD-00000447,WH-003,67,60.08,2025-06-30
PRD-00000448,WH-001,425,12.07,2025-06-30
PRD-00000448,WH-002,47,12.62,2025-06-30
PRD-00000448,WH-003,299,11.68,2025-06-30
PRD-00000449,WH-001,396,18.06,2025-06-30
PRD-00000449,WH-002,315,20.57,2025-06-30
PRD-00000449,WH-003,126,19.57,2025-06-30
PRD-00000450,WH-002,230,30.26,2025-06-30
PRD-00000451,WH-001,266,5.56,2025-06-30
PRD-00000451,WH-002,70,5.79,2025-06-30
PRD-00000451,WH-003,159,5.34,2025-06-30
PRD-00000452,WH-001,84,3.77,2025-06-30
PRD-00000452,WH-002,36,3.74,2025-06-30
PRD-00000453,WH-001,136,3.05,2025-06-30
PRD-00000453,WH-002,10,3.26,2025-06-30
PRD-00000453,WH-003,145,2.87,2025-06-30
PRD-00000454,WH-001,128,6.69,2025-06-30
PRD-00000454,WH-003,55,8.53,2025-06-30
PRD-00000455,WH-001,165,15.18,2025-06-30
PRD-00000455,WH-002,160,15.12,2025-06-30
PRD-00000455,WH-003,369,14.82,2025-06-30
PRD-00000456,WH-001,102,1.67,2025-06-30
PRD-00000456,WH-002,418,1.61,2025-06-30
PRD-00000456,WH-003,172,1.62,2025-06-30
PRD-00000457,WH-001,230,2.34,2025-06-30
PRD-00000457,WH-002,55,2.13,2025-06-30
PRD-00000457,WH-003,16,2.3,2025-06-30
PRD-00000458,WH-001,198,12.93,2025-06-30
PRD-00000458,WH-002,678,13.0,2025-06-30
PRD-00000458,WH-003,69,12.29,2025-06-30
PRD-00000459,WH-001,384,30.2,2025-06-30
PRD-00000459,WH-002,207,30.41,2025-06-30
PRD-00000459,WH-003,256,31.11,2025-06-30
PRD-00000460,WH-002,144,4.99,2025-06-30
PRD-00000460,WH-003,78,4.57,2025-06-30
PRD-00000461,WH-001,314,51.23,2025-06-30
PRD-00000461,WH-002,37,56.93,2025-06-30
PRD-00000461,WH-003,555,52.45,2025-06-30
PRD-00000462,WH-001,108,47.29,2025-06-30
PRD-00000462,WH-002,127,42.03,2025-06-30
PRD-00000462,WH-003,237,47.94,2025-06-30
PRD-00000463,WH-001,7,94.28,2025-06-30
PRD-00000463,WH-002,35,90.27,2025-06-30
PRD-00000463,WH-003,285,88.22,2025-06-30
PRD-00000464,WH-001,101,168.44,2025-06-30
PRD-00000464,WH-002,113,187.8,2025-06-30
PRD-00000464,WH-003,46,166.64,2025-06-30
PRD-00000465,WH-002,343,141.1,2025-06-30
PRD-00000466,WH-001,171,31.3,2025-06-30
PRD-00000466,WH-003,257,28.53,2025-06-30
PRD-00000467,WH-002,103,54.08,2025-06-30
PRD-00000467,WH-003,378,54.0,2025-06-30
PRD-00000468,WH-001,94,58.58,2025-06-30
PRD-00000468,WH-002,42,62.65,2025-06-30
PRD-00000468,WH-003,227,57.95,2025-06-30
PRD-00000469,WH-001,68,127.09,2025-06-30
PRD-00000470,WH-001,98,6.86,2025-06-30
PRD-00000470,WH-002,202,6.92,2025-06-30
PRD-00000470,WH-003,96,7.14,2025-06-30
PRD-00000471,WH-001,239,96.16,2025-06-30
PRD-00000471,WH-002,1,96.39,2025-06-30
PRD-00000471,WH-003,41,91.67,2025-06-30
PRD-00000472,WH-001,452,56.72,2025-06-30
PRD-00000472,WH-002,390,56.66,2025-06-30
PRD-00000472,WH-003,69,60.74,2025-06-30
PRD-00000473,WH-001,117,8.05,2025-06-30
PRD-00000473,WH-002,287,7.4,2025-06-30
PRD-00000474,WH-001,23,19.12,2025-06-30
PRD-00000474,WH-002,349,19.24,2025-06-30
PRD-00000474,WH-003,296,18.6,2025-06-30
PRD-00000475,WH-001,63,35.89,2025-06-30
PRD-00000475,WH-003,466,34.86,2025-06-30
PRD-00000476,WH-001,160,28.44,2025-06-30
PRD-00000476,WH-002,116,26.77,2025-06-30
PRD-00000476,WH-003,18,29.14,2025-06-30
PRD-00000477,WH-002,102,18.69,2025-06-30
PRD-00000477,WH-003,498,19.39,2025-06-30
PRD-00000478,WH-001,22,12.79,2025-06-30
PRD-00000478,WH-003,38,12.29,2025-06-30
PRD-00000479,WH-002,501,14.43,2025-06-30
PRD-00000479,WH-003,303,12.54,2025-06-30
PRD-00000480,WH-003,87,5.0,2025-06-30
PRD-00000481,WH-001,104,8.39,2025-06-30
PRD-00000482,WH-001,156,4.85,2025-06-30
PRD-00000482,WH-002,149,5.04,2025-06-30
PRD-00000482,WH-003,39,4.62,2025-06-30
PRD-00000483,WH-001,90,12.85,2025-06-30
PRD-00000483,WH-002,363,14.9,2025-06-30
PRD-00000483,WH-003,287,12.53,2025-06-30
PRD-00000484,WH-001,251,29.84,2025-06-30
PRD-00000484,WH-003,559,28.53,2025-06-30
PRD-00000485,WH-001,406,55.8,2025-06-30
PRD-00000485,WH-002,298,50.11,2025-06-30
PRD-00000486,WH-002,57,21.37,2025-06-30
PRD-00000486,WH-003,166,21.78,2025-06-30
PRD-00000487,WH-001,131,46.77,2025-06-30
PRD-00000487,WH-003,149,43.15,2025-06-30
PRD-00000488,WH-001,364,12.57,2025-06-30
PRD-00000488,WH-002,267,13.04,2025-06-30
PRD-00000488,WH-003,171,12.38,2025-06-30
PRD-00000489,WH-001,237,19.82,2025-06-30
PRD-00000489,WH-002,263,18.18,2025-06-30
PRD-00000489,WH-003,408,18.23,2025-06-30
PRD-00000490,WH-002,615,30.72,2025-06-30
PRD-00000490,WH-003,322,29.93,2025-06-30
PRD-00000491,WH-001,182,5.55,2025-06-30
PRD-00000491,WH-002,61,5.53,2025-06-30
PRD-00000491,WH-003,426,5.86,2025-06-30
PRD-00000492,WH-001,32,3.72,2025-06-30
PRD-00000492,WH-002,400,3.82,2025-06-30
PRD-00000492,WH-003,212,3.95,2025-06-30
PRD-00000493,WH-001,188,3.37,2025-06-30
PRD-00000493,WH-002,114,3.23,2025-06-30
PRD-00000493,WH-003,165,3.13,2025-06-30
PRD-00000494,WH-001,395,10.03,2025-06-30
PRD-00000494,WH-002,77,9.88,2025-06-30
PRD-00000494,WH-003,414,9.62,2025-06-30
PRD-00000495,WH-001,343,17.37,2025-06-30
PRD-00000495,WH-003,422,17.02,2025-06-30
PRD-00000496,WH-001,310,2.05,2025-06-30
PRD-00000496,WH-002,331,2.01,2025-06-30
PRD-00000496,WH-003,117,2.06,2025-06-30
PRD-00000497,WH-001,387,2.82,2025-06-30
PRD-00000497,WH-003,298,2.71,2025-06-30
PRD-00000498,WH-001,145,11.05,2025-06-30
PRD-00000498,WH-003,526,10.77,2025-06-30
PRD-00000499,WH-001,45,27.08,2025-06-30
PRD-00000499,WH-002,30,24.69,2025-06-30
PRD-00000500,WH-003,285,5.61,2025-06-30
