date_id,full_date,day_of_week,day_name,day_of_month,day_of_year,week_of_year,month,month_name,quarter,year,is_weekend,is_holiday,fiscal_year,fiscal_quarter
20230701,2023-07-01,5,Saturday,1,182,26,7,July,3,2023,1,0,2023,1
20230702,2023-07-02,6,Sunday,2,183,26,7,July,3,2023,1,0,2023,1
20230703,2023-07-03,0,Monday,3,184,27,7,July,3,2023,0,0,2023,1
20230704,2023-07-04,1,Tuesday,4,185,27,7,July,3,2023,0,0,2023,1
20230705,2023-07-05,2,Wednesday,5,186,27,7,July,3,2023,0,0,2023,1
20230706,2023-07-06,3,Thursday,6,187,27,7,July,3,2023,0,0,2023,1
20230707,2023-07-07,4,Friday,7,188,27,7,July,3,2023,0,0,2023,1
20230708,2023-07-08,5,Saturday,8,189,27,7,July,3,2023,1,0,2023,1
20230709,2023-07-09,6,Sunday,9,190,27,7,July,3,2023,1,0,2023,1
20230710,2023-07-10,0,Monday,10,191,28,7,July,3,2023,0,0,2023,1
20230711,2023-07-11,1,Tuesday,11,192,28,7,July,3,2023,0,0,2023,1
20230712,2023-07-12,2,Wednesday,12,193,28,7,July,3,2023,0,0,2023,1
20230713,2023-07-13,3,Thursday,13,194,28,7,July,3,2023,0,0,2023,1
20230714,2023-07-14,4,Friday,14,195,28,7,July,3,2023,0,0,2023,1
20230715,2023-07-15,5,Saturday,15,196,28,7,July,3,2023,1,0,2023,1
20230716,2023-07-16,6,Sunday,16,197,28,7,July,3,2023,1,0,2023,1
20230717,2023-07-17,0,Monday,17,198,29,7,July,3,2023,0,0,2023,1
20230718,2023-07-18,1,Tuesday,18,199,29,7,July,3,2023,0,0,2023,1
20230719,2023-07-19,2,Wednesday,19,200,29,7,July,3,2023,0,0,2023,1
20230720,2023-07-20,3,Thursday,20,201,29,7,July,3,2023,0,0,2023,1
20230721,2023-07-21,4,Friday,21,202,29,7,July,3,2023,0,0,2023,1
20230722,2023-07-22,5,Saturday,22,203,29,7,July,3,2023,1,0,2023,1
20230723,2023-07-23,6,Sunday,23,204,29,7,July,3,2023,1,0,2023,1
20230724,2023-07-24,0,Monday,24,205,30,7,July,3,2023,0,0,2023,1
20230725,2023-07-25,1,Tuesday,25,206,30,7,July,3,2023,0,0,2023,1
20230726,2023-07-26,2,Wednesday,26,207,30,7,July,3,2023,0,0,2023,1
20230727,2023-07-27,3,Thursday,27,208,30,7,July,3,2023,0,0,2023,1
20230728,2023-07-28,4,Friday,28,209,30,7,July,3,2023,0,0,2023,1
20230729,2023-07-29,5,Saturday,29,210,30,7,July,3,2023,1,0,2023,1
20230730,2023-07-30,6,Sunday,30,211,30,7,July,3,2023,1,0,2023,1
20230731,2023-07-31,0,Monday,31,212,31,7,July,3,2023,0,0,2023,1
20230801,2023-08-01,1,Tuesday,1,213,31,8,August,3,2023,0,0,2023,1
20230802,2023-08-02,2,Wednesday,2,214,31,8,August,3,2023,0,0,2023,1
20230803,2023-08-03,3,Thursday,3,215,31,8,August,3,2023,0,0,2023,1
20230804,2023-08-04,4,Friday,4,216,31,8,August,3,2023,0,0,2023,1
20230805,2023-08-05,5,Saturday,5,217,31,8,August,3,2023,1,0,2023,1
20230806,2023-08-06,6,Sunday,6,218,31,8,August,3,2023,1,0,2023,1
20230807,2023-08-07,0,Monday,7,219,32,8,August,3,2023,0,0,2023,1
20230808,2023-08-08,1,Tuesday,8,220,32,8,August,3,2023,0,0,2023,1
20230809,2023-08-09,2,Wednesday,9,221,32,8,August,3,2023,0,0,2023,1
20230810,2023-08-10,3,Thursday,10,222,32,8,August,3,2023,0,0,2023,1
20230811,2023-08-11,4,Friday,11,223,32,8,August,3,2023,0,0,2023,1
20230812,2023-08-12,5,Saturday,12,224,32,8,August,3,2023,1,0,2023,1
20230813,2023-08-13,6,Sunday,13,225,32,8,August,3,2023,1,0,2023,1
20230814,2023-08-14,0,Monday,14,226,33,8,August,3,2023,0,0,2023,1
20230815,2023-08-15,1,Tuesday,15,227,33,8,August,3,2023,0,0,2023,1
20230816,2023-08-16,2,Wednesday,16,228,33,8,August,3,2023,0,0,2023,1
20230817,2023-08-17,3,Thursday,17,229,33,8,August,3,2023,0,0,2023,1
20230818,2023-08-18,4,Friday,18,230,33,8,August,3,2023,0,0,2023,1
20230819,2023-08-19,5,Saturday,19,231,33,8,August,3,2023,1,0,2023,1
20230820,2023-08-20,6,Sunday,20,232,33,8,August,3,2023,1,0,2023,1
20230821,2023-08-21,0,Monday,21,233,34,8,August,3,2023,0,0,2023,1
20230822,2023-08-22,1,Tuesday,22,234,34,8,August,3,2023,0,0,2023,1
20230823,2023-08-23,2,Wednesday,23,235,34,8,August,3,2023,0,0,2023,1
20230824,2023-08-24,3,Thursday,24,236,34,8,August,3,2023,0,0,2023,1
20230825,2023-08-25,4,Friday,25,237,34,8,August,3,2023,0,0,2023,1
20230826,2023-08-26,5,Saturday,26,238,34,8,August,3,2023,1,0,2023,1
20230827,2023-08-27,6,Sunday,27,239,34,8,August,3,2023,1,0,2023,1
20230828,2023-08-28,0,Monday,28,240,35,8,August,3,2023,0,0,2023,1
20230829,2023-08-29,1,Tuesday,29,241,35,8,August,3,2023,0,0,2023,1
20230830,2023-08-30,2,Wednesday,30,242,35,8,August,3,2023,0,0,2023,1
20230831,2023-08-31,3,Thursday,31,243,35,8,August,3,2023,0,0,2023,1
20230901,2023-09-01,4,Friday,1,244,35,9,September,3,2023,0,0,2023,1
20230902,2023-09-02,5,Saturday,2,245,35,9,September,3,2023,1,0,2023,1
20230903,2023-09-03,6,Sunday,3,246,35,9,September,3,2023,1,0,2023,1
20230904,2023-09-04,0,Monday,4,247,36,9,September,3,2023,0,0,2023,1
20230905,2023-09-05,1,Tuesday,5,248,36,9,September,3,2023,0,0,2023,1
20230906,2023-09-06,2,Wednesday,6,249,36,9,September,3,2023,0,0,2023,1
20230907,2023-09-07,3,Thursday,7,250,36,9,September,3,2023,0,0,2023,1
20230908,2023-09-08,4,Friday,8,251,36,9,September,3,2023,0,0,2023,1
20230909,2023-09-09,5,Saturday,9,252,36,9,September,3,2023,1,0,2023,1
20230910,2023-09-10,6,Sunday,10,253,36,9,September,3,2023,1,0,2023,1
20230911,2023-09-11,0,Monday,11,254,37,9,September,3,2023,0,0,2023,1
20230912,2023-09-12,1,Tuesday,12,255,37,9,September,3,2023,0,0,2023,1
20230913,2023-09-13,2,Wednesday,13,256,37,9,September,3,2023,0,0,2023,1
20230914,2023-09-14,3,Thursday,14,257,37,9,September,3,2023,0,0,2023,1
20230915,2023-09-15,4,Friday,15,258,37,9,September,3,2023,0,0,2023,1
20230916,2023-09-16,5,Saturday,16,259,37,9,September,3,2023,1,0,2023,1
20230917,2023-09-17,6,Sunday,17,260,37,9,September,3,2023,1,0,2023,1
20230918,2023-09-18,0,Monday,18,261,38,9,September,3,2023,0,0,2023,1
20230919,2023-09-19,1,Tuesday,19,262,38,9,September,3,2023,0,0,2023,1
20230920,2023-09-20,2,Wednesday,20,263,38,9,September,3,2023,0,0,2023,1
20230921,2023-09-21,3,Thursday,21,264,38,9,September,3,2023,0,0,2023,1
20230922,2023-09-22,4,Friday,22,265,38,9,September,3,2023,0,0,2023,1
20230923,2023-09-23,5,Saturday,23,266,38,9,September,3,2023,1,0,2023,1
20230924,2023-09-24,6,Sunday,24,267,38,9,September,3,2023,1,0,2023,1
20230925,2023-09-25,0,Monday,25,268,39,9,September,3,2023,0,0,2023,1
20230926,2023-09-26,1,Tuesday,26,269,39,9,September,3,2023,0,0,2023,1
20230927,2023-09-27,2,Wednesday,27,270,39,9,September,3,2023,0,0,2023,1
20230928,2023-09-28,3,Thursday,28,271,39,9,September,3,2023,0,0,2023,1
20230929,2023-09-29,4,Friday,29,272,39,9,September,3,2023,0,0,2023,1
20230930,2023-09-30,5,Saturday,30,273,39,9,September,3,2023,1,0,2023,1
20231001,2023-10-01,6,Sunday,1,274,39,10,October,4,2023,1,0,2023,2
20231002,2023-10-02,0,Monday,2,275,40,10,October,4,2023,0,0,2023,2
20231003,2023-10-03,1,Tuesday,3,276,40,10,October,4,2023,0,0,2023,2
20231004,2023-10-04,2,Wednesday,4,277,40,10,October,4,2023,0,0,2023,2
20231005,2023-10-05,3,Thursday,5,278,40,10,October,4,2023,0,0,2023,2
20231006,2023-10-06,4,Friday,6,279,40,10,October,4,2023,0,0,2023,2
20231007,2023-10-07,5,Saturday,7,280,40,10,October,4,2023,1,0,2023,2
20231008,2023-10-08,6,Sunday,8,281,40,10,October,4,2023,1,0,2023,2
20231009,2023-10-09,0,Monday,9,282,41,10,October,4,2023,0,0,2023,2
20231010,2023-10-10,1,Tuesday,10,283,41,10,October,4,2023,0,0,2023,2
20231011,2023-10-11,2,Wednesday,11,284,41,10,October,4,2023,0,0,2023,2
20231012,2023-10-12,3,Thursday,12,285,41,10,October,4,2023,0,0,2023,2
20231013,2023-10-13,4,Friday,13,286,41,10,October,4,2023,0,0,2023,2
20231014,2023-10-14,5,Saturday,14,287,41,10,October,4,2023,1,0,2023,2
20231015,2023-10-15,6,Sunday,15,288,41,10,October,4,2023,1,0,2023,2
20231016,2023-10-16,0,Monday,16,289,42,10,October,4,2023,0,0,2023,2
20231017,2023-10-17,1,Tuesday,17,290,42,10,October,4,2023,0,0,2023,2
20231018,2023-10-18,2,Wednesday,18,291,42,10,October,4,2023,0,0,2023,2
20231019,2023-10-19,3,Thursday,19,292,42,10,October,4,2023,0,0,2023,2
20231020,2023-10-20,4,Friday,20,293,42,10,October,4,2023,0,0,2023,2
20231021,2023-10-21,5,Saturday,21,294,42,10,October,4,2023,1,0,2023,2
20231022,2023-10-22,6,Sunday,22,295,42,10,October,4,2023,1,0,2023,2
20231023,2023-10-23,0,Monday,23,296,43,10,October,4,2023,0,0,2023,2
20231024,2023-10-24,1,Tuesday,24,297,43,10,October,4,2023,0,0,2023,2
20231025,2023-10-25,2,Wednesday,25,298,43,10,October,4,2023,0,0,2023,2
20231026,2023-10-26,3,Thursday,26,299,43,10,October,4,2023,0,0,2023,2
20231027,2023-10-27,4,Friday,27,300,43,10,October,4,2023,0,0,2023,2
20231028,2023-10-28,5,Saturday,28,301,43,10,October,4,2023,1,0,2023,2
20231029,2023-10-29,6,Sunday,29,302,43,10,October,4,2023,1,0,2023,2
20231030,2023-10-30,0,Monday,30,303,44,10,October,4,2023,0,0,2023,2
20231031,2023-10-31,1,Tuesday,31,304,44,10,October,4,2023,0,0,2023,2
20231101,2023-11-01,2,Wednesday,1,305,44,11,November,4,2023,0,0,2023,2
20231102,2023-11-02,3,Thursday,2,306,44,11,November,4,2023,0,0,2023,2
20231103,2023-11-03,4,Friday,3,307,44,11,November,4,2023,0,0,2023,2
20231104,2023-11-04,5,Saturday,4,308,44,11,November,4,2023,1,0,2023,2
20231105,2023-11-05,6,Sunday,5,309,44,11,November,4,2023,1,0,2023,2
20231106,2023-11-06,0,Monday,6,310,45,11,November,4,2023,0,0,2023,2
20231107,2023-11-07,1,Tuesday,7,311,45,11,November,4,2023,0,0,2023,2
20231108,2023-11-08,2,Wednesday,8,312,45,11,November,4,2023,0,0,2023,2
20231109,2023-11-09,3,Thursday,9,313,45,11,November,4,2023,0,0,2023,2
20231110,2023-11-10,4,Friday,10,314,45,11,November,4,2023,0,0,2023,2
20231111,2023-11-11,5,Saturday,11,315,45,11,November,4,2023,1,0,2023,2
20231112,2023-11-12,6,Sunday,12,316,45,11,November,4,2023,1,0,2023,2
20231113,2023-11-13,0,Monday,13,317,46,11,November,4,2023,0,0,2023,2
20231114,2023-11-14,1,Tuesday,14,318,46,11,November,4,2023,0,0,2023,2
20231115,2023-11-15,2,Wednesday,15,319,46,11,November,4,2023,0,0,2023,2
20231116,2023-11-16,3,Thursday,16,320,46,11,November,4,2023,0,0,2023,2
20231117,2023-11-17,4,Friday,17,321,46,11,November,4,2023,0,0,2023,2
20231118,2023-11-18,5,Saturday,18,322,46,11,November,4,2023,1,0,2023,2
20231119,2023-11-19,6,Sunday,19,323,46,11,November,4,2023,1,0,2023,2
20231120,2023-11-20,0,Monday,20,324,47,11,November,4,2023,0,0,2023,2
20231121,2023-11-21,1,Tuesday,21,325,47,11,November,4,2023,0,0,2023,2
20231122,2023-11-22,2,Wednesday,22,326,47,11,November,4,2023,0,0,2023,2
20231123,2023-11-23,3,Thursday,23,327,47,11,November,4,2023,0,0,2023,2
20231124,2023-11-24,4,Friday,24,328,47,11,November,4,2023,0,0,2023,2
20231125,2023-11-25,5,Saturday,25,329,47,11,November,4,2023,1,0,2023,2
20231126,2023-11-26,6,Sunday,26,330,47,11,November,4,2023,1,0,2023,2
20231127,2023-11-27,0,Monday,27,331,48,11,November,4,2023,0,0,2023,2
20231128,2023-11-28,1,Tuesday,28,332,48,11,November,4,2023,0,0,2023,2
20231129,2023-11-29,2,Wednesday,29,333,48,11,November,4,2023,0,0,2023,2
20231130,2023-11-30,3,Thursday,30,334,48,11,November,4,2023,0,0,2023,2
20231201,2023-12-01,4,Friday,1,335,48,12,December,4,2023,0,0,2023,2
20231202,2023-12-02,5,Saturday,2,336,48,12,December,4,2023,1,0,2023,2
20231203,2023-12-03,6,Sunday,3,337,48,12,December,4,2023,1,0,2023,2
20231204,2023-12-04,0,Monday,4,338,49,12,December,4,2023,0,0,2023,2
20231205,2023-12-05,1,Tuesday,5,339,49,12,December,4,2023,0,0,2023,2
20231206,2023-12-06,2,Wednesday,6,340,49,12,December,4,2023,0,0,2023,2
20231207,2023-12-07,3,Thursday,7,341,49,12,December,4,2023,0,0,2023,2
20231208,2023-12-08,4,Friday,8,342,49,12,December,4,2023,0,0,2023,2
20231209,2023-12-09,5,Saturday,9,343,49,12,December,4,2023,1,0,2023,2
20231210,2023-12-10,6,Sunday,10,344,49,12,December,4,2023,1,0,2023,2
20231211,2023-12-11,0,Monday,11,345,50,12,December,4,2023,0,0,2023,2
20231212,2023-12-12,1,Tuesday,12,346,50,12,December,4,2023,0,0,2023,2
20231213,2023-12-13,2,Wednesday,13,347,50,12,December,4,2023,0,0,2023,2
20231214,2023-12-14,3,Thursday,14,348,50,12,December,4,2023,0,0,2023,2
20231215,2023-12-15,4,Friday,15,349,50,12,December,4,2023,0,0,2023,2
20231216,2023-12-16,5,Saturday,16,350,50,12,December,4,2023,1,0,2023,2
20231217,2023-12-17,6,Sunday,17,351,50,12,December,4,2023,1,0,2023,2
20231218,2023-12-18,0,Monday,18,352,51,12,December,4,2023,0,0,2023,2
20231219,2023-12-19,1,Tuesday,19,353,51,12,December,4,2023,0,0,2023,2
20231220,2023-12-20,2,Wednesday,20,354,51,12,December,4,2023,0,0,2023,2
20231221,2023-12-21,3,Thursday,21,355,51,12,December,4,2023,0,0,2023,2
20231222,2023-12-22,4,Friday,22,356,51,12,December,4,2023,0,0,2023,2
20231223,2023-12-23,5,Saturday,23,357,51,12,December,4,2023,1,0,2023,2
20231224,2023-12-24,6,Sunday,24,358,51,12,December,4,2023,1,0,2023,2
20231225,2023-12-25,0,Monday,25,359,52,12,December,4,2023,0,0,2023,2
20231226,2023-12-26,1,Tuesday,26,360,52,12,December,4,2023,0,0,2023,2
20231227,2023-12-27,2,Wednesday,27,361,52,12,December,4,2023,0,0,2023,2
20231228,2023-12-28,3,Thursday,28,362,52,12,December,4,2023,0,0,2023,2
20231229,2023-12-29,4,Friday,29,363,52,12,December,4,2023,0,0,2023,2
20231230,2023-12-30,5,Saturday,30,364,52,12,December,4,2023,1,0,2023,2
20231231,2023-12-31,6,Sunday,31,365,52,12,December,4,2023,1,0,2023,2
20240101,2024-01-01,0,Monday,1,1,1,1,January,1,2024,0,0,2023,3
20240102,2024-01-02,1,Tuesday,2,2,1,1,January,1,2024,0,0,2023,3
20240103,2024-01-03,2,Wednesday,3,3,1,1,January,1,2024,0,0,2023,3
20240104,2024-01-04,3,Thursday,4,4,1,1,January,1,2024,0,0,2023,3
20240105,2024-01-05,4,Friday,5,5,1,1,January,1,2024,0,0,2023,3
20240106,2024-01-06,5,Saturday,6,6,1,1,January,1,2024,1,0,2023,3
20240107,2024-01-07,6,Sunday,7,7,1,1,January,1,2024,1,0,2023,3
20240108,2024-01-08,0,Monday,8,8,2,1,January,1,2024,0,0,2023,3
20240109,2024-01-09,1,Tuesday,9,9,2,1,January,1,2024,0,0,2023,3
20240110,2024-01-10,2,Wednesday,10,10,2,1,January,1,2024,0,0,2023,3
20240111,2024-01-11,3,Thursday,11,11,2,1,January,1,2024,0,0,2023,3
20240112,2024-01-12,4,Friday,12,12,2,1,January,1,2024,0,0,2023,3
20240113,2024-01-13,5,Saturday,13,13,2,1,January,1,2024,1,0,2023,3
20240114,2024-01-14,6,Sunday,14,14,2,1,January,1,2024,1,0,2023,3
20240115,2024-01-15,0,Monday,15,15,3,1,January,1,2024,0,0,2023,3
20240116,2024-01-16,1,Tuesday,16,16,3,1,January,1,2024,0,0,2023,3
20240117,2024-01-17,2,Wednesday,17,17,3,1,January,1,2024,0,0,2023,3
20240118,2024-01-18,3,Thursday,18,18,3,1,January,1,2024,0,0,2023,3
20240119,2024-01-19,4,Friday,19,19,3,1,January,1,2024,0,0,2023,3
20240120,2024-01-20,5,Saturday,20,20,3,1,January,1,2024,1,0,2023,3
20240121,2024-01-21,6,Sunday,21,21,3,1,January,1,2024,1,0,2023,3
20240122,2024-01-22,0,Monday,22,22,4,1,January,1,2024,0,0,2023,3
20240123,2024-01-23,1,Tuesday,23,23,4,1,January,1,2024,0,0,2023,3
20240124,2024-01-24,2,Wednesday,24,24,4,1,January,1,2024,0,0,2023,3
20240125,2024-01-25,3,Thursday,25,25,4,1,January,1,2024,0,0,2023,3
20240126,2024-01-26,4,Friday,26,26,4,1,January,1,2024,0,0,2023,3
20240127,2024-01-27,5,Saturday,27,27,4,1,January,1,2024,1,0,2023,3
20240128,2024-01-28,6,Sunday,28,28,4,1,January,1,2024,1,0,2023,3
20240129,2024-01-29,0,Monday,29,29,5,1,January,1,2024,0,0,2023,3
20240130,2024-01-30,1,Tuesday,30,30,5,1,January,1,2024,0,0,2023,3
20240131,2024-01-31,2,Wednesday,31,31,5,1,January,1,2024,0,0,2023,3
20240201,2024-02-01,3,Thursday,1,32,5,2,February,1,2024,0,0,2023,3
20240202,2024-02-02,4,Friday,2,33,5,2,February,1,2024,0,0,2023,3
20240203,2024-02-03,5,Saturday,3,34,5,2,February,1,2024,1,0,2023,3
20240204,2024-02-04,6,Sunday,4,35,5,2,February,1,2024,1,0,2023,3
20240205,2024-02-05,0,Monday,5,36,6,2,February,1,2024,0,0,2023,3
20240206,2024-02-06,1,Tuesday,6,37,6,2,February,1,2024,0,0,2023,3
20240207,2024-02-07,2,Wednesday,7,38,6,2,February,1,2024,0,0,2023,3
20240208,2024-02-08,3,Thursday,8,39,6,2,February,1,2024,0,0,2023,3
20240209,2024-02-09,4,Friday,9,40,6,2,February,1,2024,0,0,2023,3
20240210,2024-02-10,5,Saturday,10,41,6,2,February,1,2024,1,0,2023,3
20240211,2024-02-11,6,Sunday,11,42,6,2,February,1,2024,1,0,2023,3
20240212,2024-02-12,0,Monday,12,43,7,2,February,1,2024,0,0,2023,3
20240213,2024-02-13,1,Tuesday,13,44,7,2,February,1,2024,0,0,2023,3
20240214,2024-02-14,2,Wednesday,14,45,7,2,February,1,2024,0,0,2023,3
20240215,2024-02-15,3,Thursday,15,46,7,2,February,1,2024,0,0,2023,3
20240216,2024-02-16,4,Friday,16,47,7,2,February,1,2024,0,0,2023,3
20240217,2024-02-17,5,Saturday,17,48,7,2,February,1,2024,1,0,2023,3
20240218,2024-02-18,6,Sunday,18,49,7,2,February,1,2024,1,0,2023,3
20240219,2024-02-19,0,Monday,19,50,8,2,February,1,2024,0,0,2023,3
20240220,2024-02-20,1,Tuesday,20,51,8,2,February,1,2024,0,0,2023,3
20240221,2024-02-21,2,Wednesday,21,52,8,2,February,1,2024,0,0,2023,3
20240222,2024-02-22,3,Thursday,22,53,8,2,February,1,2024,0,0,2023,3
20240223,2024-02-23,4,Friday,23,54,8,2,February,1,2024,0,0,2023,3
20240224,2024-02-24,5,Saturday,24,55,8,2,February,1,2024,1,0,2023,3
20240225,2024-02-25,6,Sunday,25,56,8,2,February,1,2024,1,0,2023,3
20240226,2024-02-26,0,Monday,26,57,9,2,February,1,2024,0,0,2023,3
20240227,2024-02-27,1,Tuesday,27,58,9,2,February,1,2024,0,0,2023,3
20240228,2024-02-28,2,Wednesday,28,59,9,2,February,1,2024,0,0,2023,3
20240229,2024-02-29,3,Thursday,29,60,9,2,February,1,2024,0,0,2023,3
20240301,2024-03-01,4,Friday,1,61,9,3,March,1,2024,0,0,2023,3
20240302,2024-03-02,5,Saturday,2,62,9,3,March,1,2024,1,0,2023,3
20240303,2024-03-03,6,Sunday,3,63,9,3,March,1,2024,1,0,2023,3
20240304,2024-03-04,0,Monday,4,64,10,3,March,1,2024,0,0,2023,3
20240305,2024-03-05,1,Tuesday,5,65,10,3,March,1,2024,0,0,2023,3
20240306,2024-03-06,2,Wednesday,6,66,10,3,March,1,2024,0,0,2023,3
20240307,2024-03-07,3,Thursday,7,67,10,3,March,1,2024,0,0,2023,3
20240308,2024-03-08,4,Friday,8,68,10,3,March,1,2024,0,0,2023,3
20240309,2024-03-09,5,Saturday,9,69,10,3,March,1,2024,1,0,2023,3
20240310,2024-03-10,6,Sunday,10,70,10,3,March,1,2024,1,0,2023,3
20240311,2024-03-11,0,Monday,11,71,11,3,March,1,2024,0,0,2023,3
20240312,2024-03-12,1,Tuesday,12,72,11,3,March,1,2024,0,0,2023,3
20240313,2024-03-13,2,Wednesday,13,73,11,3,March,1,2024,0,0,2023,3
20240314,2024-03-14,3,Thursday,14,74,11,3,March,1,2024,0,0,2023,3
20240315,2024-03-15,4,Friday,15,75,11,3,March,1,2024,0,0,2023,3
20240316,2024-03-16,5,Saturday,16,76,11,3,March,1,2024,1,0,2023,3
20240317,2024-03-17,6,Sunday,17,77,11,3,March,1,2024,1,0,2023,3
20240318,2024-03-18,0,Monday,18,78,12,3,March,1,2024,0,0,2023,3
20240319,2024-03-19,1,Tuesday,19,79,12,3,March,1,2024,0,0,2023,3
20240320,2024-03-20,2,Wednesday,20,80,12,3,March,1,2024,0,0,2023,3
20240321,2024-03-21,3,Thursday,21,81,12,3,March,1,2024,0,0,2023,3
20240322,2024-03-22,4,Friday,22,82,12,3,March,1,2024,0,0,2023,3
20240323,2024-03-23,5,Saturday,23,83,12,3,March,1,2024,1,0,2023,3
20240324,2024-03-24,6,Sunday,24,84,12,3,March,1,2024,1,0,2023,3
20240325,2024-03-25,0,Monday,25,85,13,3,March,1,2024,0,0,2023,3
20240326,2024-03-26,1,Tuesday,26,86,13,3,March,1,2024,0,0,2023,3
20240327,2024-03-27,2,Wednesday,27,87,13,3,March,1,2024,0,0,2023,3
20240328,2024-03-28,3,Thursday,28,88,13,3,March,1,2024,0,0,2023,3
20240329,2024-03-29,4,Friday,29,89,13,3,March,1,2024,0,0,2023,3
20240330,2024-03-30,5,Saturday,30,90,13,3,March,1,2024,1,0,2023,3
20240331,2024-03-31,6,Sunday,31,91,13,3,March,1,2024,1,0,2023,3
20240401,2024-04-01,0,Monday,1,92,14,4,April,2,2024,0,0,2023,4
20240402,2024-04-02,1,Tuesday,2,93,14,4,April,2,2024,0,0,2023,4
20240403,2024-04-03,2,Wednesday,3,94,14,4,April,2,2024,0,0,2023,4
20240404,2024-04-04,3,Thursday,4,95,14,4,April,2,2024,0,0,2023,4
20240405,2024-04-05,4,Friday,5,96,14,4,April,2,2024,0,0,2023,4
20240406,2024-04-06,5,Saturday,6,97,14,4,April,2,2024,1,0,2023,4
20240407,2024-04-07,6,Sunday,7,98,14,4,April,2,2024,1,0,2023,4
20240408,2024-04-08,0,Monday,8,99,15,4,April,2,2024,0,0,2023,4
20240409,2024-04-09,1,Tuesday,9,100,15,4,April,2,2024,0,0,2023,4
20240410,2024-04-10,2,Wednesday,10,101,15,4,April,2,2024,0,0,2023,4
20240411,2024-04-11,3,Thursday,11,102,15,4,April,2,2024,0,0,2023,4
20240412,2024-04-12,4,Friday,12,103,15,4,April,2,2024,0,0,2023,4
20240413,2024-04-13,5,Saturday,13,104,15,4,April,2,2024,1,0,2023,4
20240414,2024-04-14,6,Sunday,14,105,15,4,April,2,2024,1,0,2023,4
20240415,2024-04-15,0,Monday,15,106,16,4,April,2,2024,0,0,2023,4
20240416,2024-04-16,1,Tuesday,16,107,16,4,April,2,2024,0,0,2023,4
20240417,2024-04-17,2,Wednesday,17,108,16,4,April,2,2024,0,0,2023,4
20240418,2024-04-18,3,Thursday,18,109,16,4,April,2,2024,0,0,2023,4
20240419,2024-04-19,4,Friday,19,110,16,4,April,2,2024,0,0,2023,4
20240420,2024-04-20,5,Saturday,20,111,16,4,April,2,2024,1,0,2023,4
20240421,2024-04-21,6,Sunday,21,112,16,4,April,2,2024,1,0,2023,4
20240422,2024-04-22,0,Monday,22,113,17,4,April,2,2024,0,0,2023,4
20240423,2024-04-23,1,Tuesday,23,114,17,4,April,2,2024,0,0,2023,4
20240424,2024-04-24,2,Wednesday,24,115,17,4,April,2,2024,0,0,2023,4
20240425,2024-04-25,3,Thursday,25,116,17,4,April,2,2024,0,0,2023,4
20240426,2024-04-26,4,Friday,26,117,17,4,April,2,2024,0,0,2023,4
20240427,2024-04-27,5,Saturday,27,118,17,4,April,2,2024,1,0,2023,4
20240428,2024-04-28,6,Sunday,28,119,17,4,April,2,2024,1,0,2023,4
20240429,2024-04-29,0,Monday,29,120,18,4,April,2,2024,0,0,2023,4
20240430,2024-04-30,1,Tuesday,30,121,18,4,April,2,2024,0,0,2023,4
20240501,2024-05-01,2,Wednesday,1,122,18,5,May,2,2024,0,0,2023,4
20240502,2024-05-02,3,Thursday,2,123,18,5,May,2,2024,0,0,2023,4
20240503,2024-05-03,4,Friday,3,124,18,5,May,2,2024,0,0,2023,4
20240504,2024-05-04,5,Saturday,4,125,18,5,May,2,2024,1,0,2023,4
20240505,2024-05-05,6,Sunday,5,126,18,5,May,2,2024,1,0,2023,4
20240506,2024-05-06,0,Monday,6,127,19,5,May,2,2024,0,0,2023,4
20240507,2024-05-07,1,Tuesday,7,128,19,5,May,2,2024,0,0,2023,4
20240508,2024-05-08,2,Wednesday,8,129,19,5,May,2,2024,0,0,2023,4
20240509,2024-05-09,3,Thursday,9,130,19,5,May,2,2024,0,0,2023,4
20240510,2024-05-10,4,Friday,10,131,19,5,May,2,2024,0,0,2023,4
20240511,2024-05-11,5,Saturday,11,132,19,5,May,2,2024,1,0,2023,4
20240512,2024-05-12,6,Sunday,12,133,19,5,May,2,2024,1,0,2023,4
20240513,2024-05-13,0,Monday,13,134,20,5,May,2,2024,0,0,2023,4
20240514,2024-05-14,1,Tuesday,14,135,20,5,May,2,2024,0,0,2023,4
20240515,2024-05-15,2,Wednesday,15,136,20,5,May,2,2024,0,0,2023,4
20240516,2024-05-16,3,Thursday,16,137,20,5,May,2,2024,0,0,2023,4
20240517,2024-05-17,4,Friday,17,138,20,5,May,2,2024,0,0,2023,4
20240518,2024-05-18,5,Saturday,18,139,20,5,May,2,2024,1,0,2023,4
20240519,2024-05-19,6,Sunday,19,140,20,5,May,2,2024,1,0,2023,4
20240520,2024-05-20,0,Monday,20,141,21,5,May,2,2024,0,0,2023,4
20240521,2024-05-21,1,Tuesday,21,142,21,5,May,2,2024,0,0,2023,4
20240522,2024-05-22,2,Wednesday,22,143,21,5,May,2,2024,0,0,2023,4
20240523,2024-05-23,3,Thursday,23,144,21,5,May,2,2024,0,0,2023,4
20240524,2024-05-24,4,Friday,24,145,21,5,May,2,2024,0,0,2023,4
20240525,2024-05-25,5,Saturday,25,146,21,5,May,2,2024,1,0,2023,4
20240526,2024-05-26,6,Sunday,26,147,21,5,May,2,2024,1,0,2023,4
20240527,2024-05-27,0,Monday,27,148,22,5,May,2,2024,0,0,2023,4
20240528,2024-05-28,1,Tuesday,28,149,22,5,May,2,2024,0,0,2023,4
20240529,2024-05-29,2,Wednesday,29,150,22,5,May,2,2024,0,0,2023,4
20240530,2024-05-30,3,Thursday,30,151,22,5,May,2,2024,0,0,2023,4
20240531,2024-05-31,4,Friday,31,152,22,5,May,2,2024,0,0,2023,4
20240601,2024-06-01,5,Saturday,1,153,22,6,June,2,2024,1,0,2023,4
20240602,2024-06-02,6,Sunday,2,154,22,6,June,2,2024,1,0,2023,4
20240603,2024-06-03,0,Monday,3,155,23,6,June,2,2024,0,0,2023,4
20240604,2024-06-04,1,Tuesday,4,156,23,6,June,2,2024,0,0,2023,4
20240605,2024-06-05,2,Wednesday,5,157,23,6,June,2,2024,0,0,2023,4
20240606,2024-06-06,3,Thursday,6,158,23,6,June,2,2024,0,0,2023,4
20240607,2024-06-07,4,Friday,7,159,23,6,June,2,2024,0,0,2023,4
20240608,2024-06-08,5,Saturday,8,160,23,6,June,2,2024,1,0,2023,4
20240609,2024-06-09,6,Sunday,9,161,23,6,June,2,2024,1,0,2023,4
20240610,2024-06-10,0,Monday,10,162,24,6,June,2,2024,0,0,2023,4
20240611,2024-06-11,1,Tuesday,11,163,24,6,June,2,2024,0,0,2023,4
20240612,2024-06-12,2,Wednesday,12,164,24,6,June,2,2024,0,0,2023,4
20240613,2024-06-13,3,Thursday,13,165,24,6,June,2,2024,0,0,2023,4
20240614,2024-06-14,4,Friday,14,166,24,6,June,2,2024,0,0,2023,4
20240615,2024-06-15,5,Saturday,15,167,24,6,June,2,2024,1,0,2023,4
20240616,2024-06-16,6,Sunday,16,168,24,6,June,2,2024,1,0,2023,4
20240617,2024-06-17,0,Monday,17,169,25,6,June,2,2024,0,0,2023,4
20240618,2024-06-18,1,Tuesday,18,170,25,6,June,2,2024,0,0,2023,4
20240619,2024-06-19,2,Wednesday,19,171,25,6,June,2,2024,0,0,2023,4
20240620,2024-06-20,3,Thursday,20,172,25,6,June,2,2024,0,0,2023,4
20240621,2024-06-21,4,Friday,21,173,25,6,June,2,2024,0,0,2023,4
20240622,2024-06-22,5,Saturday,22,174,25,6,June,2,2024,1,0,2023,4
20240623,2024-06-23,6,Sunday,23,175,25,6,June,2,2024,1,0,2023,4
20240624,2024-06-24,0,Monday,24,176,26,6,June,2,2024,0,0,2023,4
20240625,2024-06-25,1,Tuesday,25,177,26,6,June,2,2024,0,0,2023,4
20240626,2024-06-26,2,Wednesday,26,178,26,6,June,2,2024,0,0,2023,4
20240627,2024-06-27,3,Thursday,27,179,26,6,June,2,2024,0,0,2023,4
20240628,2024-06-28,4,Friday,28,180,26,6,June,2,2024,0,0,2023,4
20240629,2024-06-29,5,Saturday,29,181,26,6,June,2,2024,1,0,2023,4
20240630,2024-06-30,6,Sunday,30,182,26,6,June,2,2024,1,0,2023,4
20240701,2024-07-01,0,Monday,1,183,27,7,July,3,2024,0,0,2024,1
20240702,2024-07-02,1,Tuesday,2,184,27,7,July,3,2024,0,0,2024,1
20240703,2024-07-03,2,Wednesday,3,185,27,7,July,3,2024,0,0,2024,1
20240704,2024-07-04,3,Thursday,4,186,27,7,July,3,2024,0,0,2024,1
20240705,2024-07-05,4,Friday,5,187,27,7,July,3,2024,0,0,2024,1
20240706,2024-07-06,5,Saturday,6,188,27,7,July,3,2024,1,0,2024,1
20240707,2024-07-07,6,Sunday,7,189,27,7,July,3,2024,1,0,2024,1
20240708,2024-07-08,0,Monday,8,190,28,7,July,3,2024,0,0,2024,1
20240709,2024-07-09,1,Tuesday,9,191,28,7,July,3,2024,0,0,2024,1
20240710,2024-07-10,2,Wednesday,10,192,28,7,July,3,2024,0,0,2024,1
20240711,2024-07-11,3,Thursday,11,193,28,7,July,3,2024,0,0,2024,1
20240712,2024-07-12,4,Friday,12,194,28,7,July,3,2024,0,0,2024,1
20240713,2024-07-13,5,Saturday,13,195,28,7,July,3,2024,1,0,2024,1
20240714,2024-07-14,6,Sunday,14,196,28,7,July,3,2024,1,0,2024,1
20240715,2024-07-15,0,Monday,15,197,29,7,July,3,2024,0,0,2024,1
20240716,2024-07-16,1,Tuesday,16,198,29,7,July,3,2024,0,0,2024,1
20240717,2024-07-17,2,Wednesday,17,199,29,7,July,3,2024,0,0,2024,1
20240718,2024-07-18,3,Thursday,18,200,29,7,July,3,2024,0,0,2024,1
20240719,2024-07-19,4,Friday,19,201,29,7,July,3,2024,0,0,2024,1
20240720,2024-07-20,5,Saturday,20,202,29,7,July,3,2024,1,0,2024,1
20240721,2024-07-21,6,Sunday,21,203,29,7,July,3,2024,1,0,2024,1
20240722,2024-07-22,0,Monday,22,204,30,7,July,3,2024,0,0,2024,1
20240723,2024-07-23,1,Tuesday,23,205,30,7,July,3,2024,0,0,2024,1
20240724,2024-07-24,2,Wednesday,24,206,30,7,July,3,2024,0,0,2024,1
20240725,2024-07-25,3,Thursday,25,207,30,7,July,3,2024,0,0,2024,1
20240726,2024-07-26,4,Friday,26,208,30,7,July,3,2024,0,0,2024,1
20240727,2024-07-27,5,Saturday,27,209,30,7,July,3,2024,1,0,2024,1
20240728,2024-07-28,6,Sunday,28,210,30,7,July,3,2024,1,0,2024,1
20240729,2024-07-29,0,Monday,29,211,31,7,July,3,2024,0,0,2024,1
20240730,2024-07-30,1,Tuesday,30,212,31,7,July,3,2024,0,0,2024,1
20240731,2024-07-31,2,Wednesday,31,213,31,7,July,3,2024,0,0,2024,1
20240801,2024-08-01,3,Thursday,1,214,31,8,August,3,2024,0,0,2024,1
20240802,2024-08-02,4,Friday,2,215,31,8,August,3,2024,0,0,2024,1
20240803,2024-08-03,5,Saturday,3,216,31,8,August,3,2024,1,0,2024,1
20240804,2024-08-04,6,Sunday,4,217,31,8,August,3,2024,1,0,2024,1
20240805,2024-08-05,0,Monday,5,218,32,8,August,3,2024,0,0,2024,1
20240806,2024-08-06,1,Tuesday,6,219,32,8,August,3,2024,0,0,2024,1
20240807,2024-08-07,2,Wednesday,7,220,32,8,August,3,2024,0,0,2024,1
20240808,2024-08-08,3,Thursday,8,221,32,8,August,3,2024,0,0,2024,1
20240809,2024-08-09,4,Friday,9,222,32,8,August,3,2024,0,0,2024,1
20240810,2024-08-10,5,Saturday,10,223,32,8,August,3,2024,1,0,2024,1
20240811,2024-08-11,6,Sunday,11,224,32,8,August,3,2024,1,0,2024,1
20240812,2024-08-12,0,Monday,12,225,33,8,August,3,2024,0,0,2024,1
20240813,2024-08-13,1,Tuesday,13,226,33,8,August,3,2024,0,0,2024,1
20240814,2024-08-14,2,Wednesday,14,227,33,8,August,3,2024,0,0,2024,1
20240815,2024-08-15,3,Thursday,15,228,33,8,August,3,2024,0,0,2024,1
20240816,2024-08-16,4,Friday,16,229,33,8,August,3,2024,0,0,2024,1
20240817,2024-08-17,5,Saturday,17,230,33,8,August,3,2024,1,0,2024,1
20240818,2024-08-18,6,Sunday,18,231,33,8,August,3,2024,1,0,2024,1
20240819,2024-08-19,0,Monday,19,232,34,8,August,3,2024,0,0,2024,1
20240820,2024-08-20,1,Tuesday,20,233,34,8,August,3,2024,0,0,2024,1
20240821,2024-08-21,2,Wednesday,21,234,34,8,August,3,2024,0,0,2024,1
20240822,2024-08-22,3,Thursday,22,235,34,8,August,3,2024,0,0,2024,1
20240823,2024-08-23,4,Friday,23,236,34,8,August,3,2024,0,0,2024,1
20240824,2024-08-24,5,Saturday,24,237,34,8,August,3,2024,1,0,2024,1
20240825,2024-08-25,6,Sunday,25,238,34,8,August,3,2024,1,0,2024,1
20240826,2024-08-26,0,Monday,26,239,35,8,August,3,2024,0,0,2024,1
20240827,2024-08-27,1,Tuesday,27,240,35,8,August,3,2024,0,0,2024,1
20240828,2024-08-28,2,Wednesday,28,241,35,8,August,3,2024,0,0,2024,1
20240829,2024-08-29,3,Thursday,29,242,35,8,August,3,2024,0,0,2024,1
20240830,2024-08-30,4,Friday,30,243,35,8,August,3,2024,0,0,2024,1
20240831,2024-08-31,5,Saturday,31,244,35,8,August,3,2024,1,0,2024,1
20240901,2024-09-01,6,Sunday,1,245,35,9,September,3,2024,1,0,2024,1
20240902,2024-09-02,0,Monday,2,246,36,9,September,3,2024,0,0,2024,1
20240903,2024-09-03,1,Tuesday,3,247,36,9,September,3,2024,0,0,2024,1
20240904,2024-09-04,2,Wednesday,4,248,36,9,September,3,2024,0,0,2024,1
20240905,2024-09-05,3,Thursday,5,249,36,9,September,3,2024,0,0,2024,1
20240906,2024-09-06,4,Friday,6,250,36,9,September,3,2024,0,0,2024,1
20240907,2024-09-07,5,Saturday,7,251,36,9,September,3,2024,1,0,2024,1
20240908,2024-09-08,6,Sunday,8,252,36,9,September,3,2024,1,0,2024,1
20240909,2024-09-09,0,Monday,9,253,37,9,September,3,2024,0,0,2024,1
20240910,2024-09-10,1,Tuesday,10,254,37,9,September,3,2024,0,0,2024,1
20240911,2024-09-11,2,Wednesday,11,255,37,9,September,3,2024,0,0,2024,1
20240912,2024-09-12,3,Thursday,12,256,37,9,September,3,2024,0,0,2024,1
20240913,2024-09-13,4,Friday,13,257,37,9,September,3,2024,0,0,2024,1
20240914,2024-09-14,5,Saturday,14,258,37,9,September,3,2024,1,0,2024,1
20240915,2024-09-15,6,Sunday,15,259,37,9,September,3,2024,1,0,2024,1
20240916,2024-09-16,0,Monday,16,260,38,9,September,3,2024,0,0,2024,1
20240917,2024-09-17,1,Tuesday,17,261,38,9,September,3,2024,0,0,2024,1
20240918,2024-09-18,2,Wednesday,18,262,38,9,September,3,2024,0,0,2024,1
20240919,2024-09-19,3,Thursday,19,263,38,9,September,3,2024,0,0,2024,1
20240920,2024-09-20,4,Friday,20,264,38,9,September,3,2024,0,0,2024,1
20240921,2024-09-21,5,Saturday,21,265,38,9,September,3,2024,1,0,2024,1
20240922,2024-09-22,6,Sunday,22,266,38,9,September,3,2024,1,0,2024,1
20240923,2024-09-23,0,Monday,23,267,39,9,September,3,2024,0,0,2024,1
20240924,2024-09-24,1,Tuesday,24,268,39,9,September,3,2024,0,0,2024,1
20240925,2024-09-25,2,Wednesday,25,269,39,9,September,3,2024,0,0,2024,1
20240926,2024-09-26,3,Thursday,26,270,39,9,September,3,2024,0,0,2024,1
20240927,2024-09-27,4,Friday,27,271,39,9,September,3,2024,0,0,2024,1
20240928,2024-09-28,5,Saturday,28,272,39,9,September,3,2024,1,0,2024,1
20240929,2024-09-29,6,Sunday,29,273,39,9,September,3,2024,1,0,2024,1
20240930,2024-09-30,0,Monday,30,274,40,9,September,3,2024,0,0,2024,1
20241001,2024-10-01,1,Tuesday,1,275,40,10,October,4,2024,0,0,2024,2
20241002,2024-10-02,2,Wednesday,2,276,40,10,October,4,2024,0,0,2024,2
20241003,2024-10-03,3,Thursday,3,277,40,10,October,4,2024,0,0,2024,2
20241004,2024-10-04,4,Friday,4,278,40,10,October,4,2024,0,0,2024,2
20241005,2024-10-05,5,Saturday,5,279,40,10,October,4,2024,1,0,2024,2
20241006,2024-10-06,6,Sunday,6,280,40,10,October,4,2024,1,0,2024,2
20241007,2024-10-07,0,Monday,7,281,41,10,October,4,2024,0,0,2024,2
20241008,2024-10-08,1,Tuesday,8,282,41,10,October,4,2024,0,0,2024,2
20241009,2024-10-09,2,Wednesday,9,283,41,10,October,4,2024,0,0,2024,2
20241010,2024-10-10,3,Thursday,10,284,41,10,October,4,2024,0,0,2024,2
20241011,2024-10-11,4,Friday,11,285,41,10,October,4,2024,0,0,2024,2
20241012,2024-10-12,5,Saturday,12,286,41,10,October,4,2024,1,0,2024,2
20241013,2024-10-13,6,Sunday,13,287,41,10,October,4,2024,1,0,2024,2
20241014,2024-10-14,0,Monday,14,288,42,10,October,4,2024,0,0,2024,2
20241015,2024-10-15,1,Tuesday,15,289,42,10,October,4,2024,0,0,2024,2
20241016,2024-10-16,2,Wednesday,16,290,42,10,October,4,2024,0,0,2024,2
20241017,2024-10-17,3,Thursday,17,291,42,10,October,4,2024,0,0,2024,2
20241018,2024-10-18,4,Friday,18,292,42,10,October,4,2024,0,0,2024,2
20241019,2024-10-19,5,Saturday,19,293,42,10,October,4,2024,1,0,2024,2
20241020,2024-10-20,6,Sunday,20,294,42,10,October,4,2024,1,0,2024,2
20241021,2024-10-21,0,Monday,21,295,43,10,October,4,2024,0,0,2024,2
20241022,2024-10-22,1,Tuesday,22,296,43,10,October,4,2024,0,0,2024,2
20241023,2024-10-23,2,Wednesday,23,297,43,10,October,4,2024,0,0,2024,2
20241024,2024-10-24,3,Thursday,24,298,43,10,October,4,2024,0,0,2024,2
20241025,2024-10-25,4,Friday,25,299,43,10,October,4,2024,0,0,2024,2
20241026,2024-10-26,5,Saturday,26,300,43,10,October,4,2024,1,0,2024,2
20241027,2024-10-27,6,Sunday,27,301,43,10,October,4,2024,1,0,2024,2
20241028,2024-10-28,0,Monday,28,302,44,10,October,4,2024,0,0,2024,2
20241029,2024-10-29,1,Tuesday,29,303,44,10,October,4,2024,0,0,2024,2
20241030,2024-10-30,2,Wednesday,30,304,44,10,October,4,2024,0,0,2024,2
20241031,2024-10-31,3,Thursday,31,305,44,10,October,4,2024,0,0,2024,2
20241101,2024-11-01,4,Friday,1,306,44,11,November,4,2024,0,0,2024,2
20241102,2024-11-02,5,Saturday,2,307,44,11,November,4,2024,1,0,2024,2
20241103,2024-11-03,6,Sunday,3,308,44,11,November,4,2024,1,0,2024,2
20241104,2024-11-04,0,Monday,4,309,45,11,November,4,2024,0,0,2024,2
20241105,2024-11-05,1,Tuesday,5,310,45,11,November,4,2024,0,0,2024,2
20241106,2024-11-06,2,Wednesday,6,311,45,11,November,4,2024,0,0,2024,2
20241107,2024-11-07,3,Thursday,7,312,45,11,November,4,2024,0,0,2024,2
20241108,2024-11-08,4,Friday,8,313,45,11,November,4,2024,0,0,2024,2
20241109,2024-11-09,5,Saturday,9,314,45,11,November,4,2024,1,0,2024,2
20241110,2024-11-10,6,Sunday,10,315,45,11,November,4,2024,1,0,2024,2
20241111,2024-11-11,0,Monday,11,316,46,11,November,4,2024,0,0,2024,2
20241112,2024-11-12,1,Tuesday,12,317,46,11,November,4,2024,0,0,2024,2
20241113,2024-11-13,2,Wednesday,13,318,46,11,November,4,2024,0,0,2024,2
20241114,2024-11-14,3,Thursday,14,319,46,11,November,4,2024,0,0,2024,2
20241115,2024-11-15,4,Friday,15,320,46,11,November,4,2024,0,0,2024,2
20241116,2024-11-16,5,Saturday,16,321,46,11,November,4,2024,1,0,2024,2
20241117,2024-11-17,6,Sunday,17,322,46,11,November,4,2024,1,0,2024,2
20241118,2024-11-18,0,Monday,18,323,47,11,November,4,2024,0,0,2024,2
20241119,2024-11-19,1,Tuesday,19,324,47,11,November,4,2024,0,0,2024,2
20241120,2024-11-20,2,Wednesday,20,325,47,11,November,4,2024,0,0,2024,2
20241121,2024-11-21,3,Thursday,21,326,47,11,November,4,2024,0,0,2024,2
20241122,2024-11-22,4,Friday,22,327,47,11,November,4,2024,0,0,2024,2
20241123,2024-11-23,5,Saturday,23,328,47,11,November,4,2024,1,0,2024,2
20241124,2024-11-24,6,Sunday,24,329,47,11,November,4,2024,1,0,2024,2
20241125,2024-11-25,0,Monday,25,330,48,11,November,4,2024,0,0,2024,2
20241126,2024-11-26,1,Tuesday,26,331,48,11,November,4,2024,0,0,2024,2
20241127,2024-11-27,2,Wednesday,27,332,48,11,November,4,2024,0,0,2024,2
20241128,2024-11-28,3,Thursday,28,333,48,11,November,4,2024,0,0,2024,2
20241129,2024-11-29,4,Friday,29,334,48,11,November,4,2024,0,0,2024,2
20241130,2024-11-30,5,Saturday,30,335,48,11,November,4,2024,1,0,2024,2
20241201,2024-12-01,6,Sunday,1,336,48,12,December,4,2024,1,0,2024,2
20241202,2024-12-02,0,Monday,2,337,49,12,December,4,2024,0,0,2024,2
20241203,2024-12-03,1,Tuesday,3,338,49,12,December,4,2024,0,0,2024,2
20241204,2024-12-04,2,Wednesday,4,339,49,12,December,4,2024,0,0,2024,2
20241205,2024-12-05,3,Thursday,5,340,49,12,December,4,2024,0,0,2024,2
20241206,2024-12-06,4,Friday,6,341,49,12,December,4,2024,0,0,2024,2
20241207,2024-12-07,5,Saturday,7,342,49,12,December,4,2024,1,0,2024,2
20241208,2024-12-08,6,Sunday,8,343,49,12,December,4,2024,1,0,2024,2
20241209,2024-12-09,0,Monday,9,344,50,12,December,4,2024,0,0,2024,2
20241210,2024-12-10,1,Tuesday,10,345,50,12,December,4,2024,0,0,2024,2
20241211,2024-12-11,2,Wednesday,11,346,50,12,December,4,2024,0,0,2024,2
20241212,2024-12-12,3,Thursday,12,347,50,12,December,4,2024,0,0,2024,2
20241213,2024-12-13,4,Friday,13,348,50,12,December,4,2024,0,0,2024,2
20241214,2024-12-14,5,Saturday,14,349,50,12,December,4,2024,1,0,2024,2
20241215,2024-12-15,6,Sunday,15,350,50,12,December,4,2024,1,0,2024,2
20241216,2024-12-16,0,Monday,16,351,51,12,December,4,2024,0,0,2024,2
20241217,2024-12-17,1,Tuesday,17,352,51,12,December,4,2024,0,0,2024,2
20241218,2024-12-18,2,Wednesday,18,353,51,12,December,4,2024,0,0,2024,2
20241219,2024-12-19,3,Thursday,19,354,51,12,December,4,2024,0,0,2024,2
20241220,2024-12-20,4,Friday,20,355,51,12,December,4,2024,0,0,2024,2
20241221,2024-12-21,5,Saturday,21,356,51,12,December,4,2024,1,0,2024,2
20241222,2024-12-22,6,Sunday,22,357,51,12,December,4,2024,1,0,2024,2
20241223,2024-12-23,0,Monday,23,358,52,12,December,4,2024,0,0,2024,2
20241224,2024-12-24,1,Tuesday,24,359,52,12,December,4,2024,0,0,2024,2
20241225,2024-12-25,2,Wednesday,25,360,52,12,December,4,2024,0,0,2024,2
20241226,2024-12-26,3,Thursday,26,361,52,12,December,4,2024,0,0,2024,2
20241227,2024-12-27,4,Friday,27,362,52,12,December,4,2024,0,0,2024,2
20241228,2024-12-28,5,Saturday,28,363,52,12,December,4,2024,1,0,2024,2
20241229,2024-12-29,6,Sunday,29,364,52,12,December,4,2024,1,0,2024,2
20241230,2024-12-30,0,Monday,30,365,1,12,December,4,2024,0,0,2024,2
20241231,2024-12-31,1,Tuesday,31,366,1,12,December,4,2024,0,0,2024,2
20250101,2025-01-01,2,Wednesday,1,1,1,1,January,1,2025,0,0,2024,3
20250102,2025-01-02,3,Thursday,2,2,1,1,January,1,2025,0,0,2024,3
20250103,2025-01-03,4,Friday,3,3,1,1,January,1,2025,0,0,2024,3
20250104,2025-01-04,5,Saturday,4,4,1,1,January,1,2025,1,0,2024,3
20250105,2025-01-05,6,Sunday,5,5,1,1,January,1,2025,1,0,2024,3
20250106,2025-01-06,0,Monday,6,6,2,1,January,1,2025,0,0,2024,3
20250107,2025-01-07,1,Tuesday,7,7,2,1,January,1,2025,0,0,2024,3
20250108,2025-01-08,2,Wednesday,8,8,2,1,January,1,2025,0,0,2024,3
20250109,2025-01-09,3,Thursday,9,9,2,1,January,1,2025,0,0,2024,3
20250110,2025-01-10,4,Friday,10,10,2,1,January,1,2025,0,0,2024,3
20250111,2025-01-11,5,Saturday,11,11,2,1,January,1,2025,1,0,2024,3
20250112,2025-01-12,6,Sunday,12,12,2,1,January,1,2025,1,0,2024,3
20250113,2025-01-13,0,Monday,13,13,3,1,January,1,2025,0,0,2024,3
20250114,2025-01-14,1,Tuesday,14,14,3,1,January,1,2025,0,0,2024,3
20250115,2025-01-15,2,Wednesday,15,15,3,1,January,1,2025,0,0,2024,3
20250116,2025-01-16,3,Thursday,16,16,3,1,January,1,2025,0,0,2024,3
20250117,2025-01-17,4,Friday,17,17,3,1,January,1,2025,0,0,2024,3
20250118,2025-01-18,5,Saturday,18,18,3,1,January,1,2025,1,0,2024,3
20250119,2025-01-19,6,Sunday,19,19,3,1,January,1,2025,1,0,2024,3
20250120,2025-01-20,0,Monday,20,20,4,1,January,1,2025,0,0,2024,3
20250121,2025-01-21,1,Tuesday,21,21,4,1,January,1,2025,0,0,2024,3
20250122,2025-01-22,2,Wednesday,22,22,4,1,January,1,2025,0,0,2024,3
20250123,2025-01-23,3,Thursday,23,23,4,1,January,1,2025,0,0,2024,3
20250124,2025-01-24,4,Friday,24,24,4,1,January,1,2025,0,0,2024,3
20250125,2025-01-25,5,Saturday,25,25,4,1,January,1,2025,1,0,2024,3
20250126,2025-01-26,6,Sunday,26,26,4,1,January,1,2025,1,0,2024,3
20250127,2025-01-27,0,Monday,27,27,5,1,January,1,2025,0,0,2024,3
20250128,2025-01-28,1,Tuesday,28,28,5,1,January,1,2025,0,0,2024,3
20250129,2025-01-29,2,Wednesday,29,29,5,1,January,1,2025,0,0,2024,3
20250130,2025-01-30,3,Thursday,30,30,5,1,January,1,2025,0,0,2024,3
20250131,2025-01-31,4,Friday,31,31,5,1,January,1,2025,0,0,2024,3
20250201,2025-02-01,5,Saturday,1,32,5,2,February,1,2025,1,0,2024,3
20250202,2025-02-02,6,Sunday,2,33,5,2,February,1,2025,1,0,2024,3
20250203,2025-02-03,0,Monday,3,34,6,2,February,1,2025,0,0,2024,3
20250204,2025-02-04,1,Tuesday,4,35,6,2,February,1,2025,0,0,2024,3
20250205,2025-02-05,2,Wednesday,5,36,6,2,February,1,2025,0,0,2024,3
20250206,2025-02-06,3,Thursday,6,37,6,2,February,1,2025,0,0,2024,3
20250207,2025-02-07,4,Friday,7,38,6,2,February,1,2025,0,0,2024,3
20250208,2025-02-08,5,Saturday,8,39,6,2,February,1,2025,1,0,2024,3
20250209,2025-02-09,6,Sunday,9,40,6,2,February,1,2025,1,0,2024,3
20250210,2025-02-10,0,Monday,10,41,7,2,February,1,2025,0,0,2024,3
20250211,2025-02-11,1,Tuesday,11,42,7,2,February,1,2025,0,0,2024,3
20250212,2025-02-12,2,Wednesday,12,43,7,2,February,1,2025,0,0,2024,3
20250213,2025-02-13,3,Thursday,13,44,7,2,February,1,2025,0,0,2024,3
20250214,2025-02-14,4,Friday,14,45,7,2,February,1,2025,0,0,2024,3
20250215,2025-02-15,5,Saturday,15,46,7,2,February,1,2025,1,0,2024,3
20250216,2025-02-16,6,Sunday,16,47,7,2,February,1,2025,1,0,2024,3
20250217,2025-02-17,0,Monday,17,48,8,2,February,1,2025,0,0,2024,3
20250218,2025-02-18,1,Tuesday,18,49,8,2,February,1,2025,0,0,2024,3
20250219,2025-02-19,2,Wednesday,19,50,8,2,February,1,2025,0,0,2024,3
20250220,2025-02-20,3,Thursday,20,51,8,2,February,1,2025,0,0,2024,3
20250221,2025-02-21,4,Friday,21,52,8,2,February,1,2025,0,0,2024,3
20250222,2025-02-22,5,Saturday,22,53,8,2,February,1,2025,1,0,2024,3
20250223,2025-02-23,6,Sunday,23,54,8,2,February,1,2025,1,0,2024,3
20250224,2025-02-24,0,Monday,24,55,9,2,February,1,2025,0,0,2024,3
20250225,2025-02-25,1,Tuesday,25,56,9,2,February,1,2025,0,0,2024,3
20250226,2025-02-26,2,Wednesday,26,57,9,2,February,1,2025,0,0,2024,3
20250227,2025-02-27,3,Thursday,27,58,9,2,February,1,2025,0,0,2024,3
20250228,2025-02-28,4,Friday,28,59,9,2,February,1,2025,0,0,2024,3
20250301,2025-03-01,5,Saturday,1,60,9,3,March,1,2025,1,0,2024,3
20250302,2025-03-02,6,Sunday,2,61,9,3,March,1,2025,1,0,2024,3
20250303,2025-03-03,0,Monday,3,62,10,3,March,1,2025,0,0,2024,3
20250304,2025-03-04,1,Tuesday,4,63,10,3,March,1,2025,0,0,2024,3
20250305,2025-03-05,2,Wednesday,5,64,10,3,March,1,2025,0,0,2024,3
20250306,2025-03-06,3,Thursday,6,65,10,3,March,1,2025,0,0,2024,3
20250307,2025-03-07,4,Friday,7,66,10,3,March,1,2025,0,0,2024,3
20250308,2025-03-08,5,Saturday,8,67,10,3,March,1,2025,1,0,2024,3
20250309,2025-03-09,6,Sunday,9,68,10,3,March,1,2025,1,0,2024,3
20250310,2025-03-10,0,Monday,10,69,11,3,March,1,2025,0,0,2024,3
20250311,2025-03-11,1,Tuesday,11,70,11,3,March,1,2025,0,0,2024,3
20250312,2025-03-12,2,Wednesday,12,71,11,3,March,1,2025,0,0,2024,3
20250313,2025-03-13,3,Thursday,13,72,11,3,March,1,2025,0,0,2024,3
20250314,2025-03-14,4,Friday,14,73,11,3,March,1,2025,0,0,2024,3
20250315,2025-03-15,5,Saturday,15,74,11,3,March,1,2025,1,0,2024,3
20250316,2025-03-16,6,Sunday,16,75,11,3,March,1,2025,1,0,2024,3
20250317,2025-03-17,0,Monday,17,76,12,3,March,1,2025,0,0,2024,3
20250318,2025-03-18,1,Tuesday,18,77,12,3,March,1,2025,0,0,2024,3
20250319,2025-03-19,2,Wednesday,19,78,12,3,March,1,2025,0,0,2024,3
20250320,2025-03-20,3,Thursday,20,79,12,3,March,1,2025,0,0,2024,3
20250321,2025-03-21,4,Friday,21,80,12,3,March,1,2025,0,0,2024,3
20250322,2025-03-22,5,Saturday,22,81,12,3,March,1,2025,1,0,2024,3
20250323,2025-03-23,6,Sunday,23,82,12,3,March,1,2025,1,0,2024,3
20250324,2025-03-24,0,Monday,24,83,13,3,March,1,2025,0,0,2024,3
20250325,2025-03-25,1,Tuesday,25,84,13,3,March,1,2025,0,0,2024,3
20250326,2025-03-26,2,Wednesday,26,85,13,3,March,1,2025,0,0,2024,3
20250327,2025-03-27,3,Thursday,27,86,13,3,March,1,2025,0,0,2024,3
20250328,2025-03-28,4,Friday,28,87,13,3,March,1,2025,0,0,2024,3
20250329,2025-03-29,5,Saturday,29,88,13,3,March,1,2025,1,0,2024,3
20250330,2025-03-30,6,Sunday,30,89,13,3,March,1,2025,1,0,2024,3
20250331,2025-03-31,0,Monday,31,90,14,3,March,1,2025,0,0,2024,3
20250401,2025-04-01,1,Tuesday,1,91,14,4,April,2,2025,0,0,2024,4
20250402,2025-04-02,2,Wednesday,2,92,14,4,April,2,2025,0,0,2024,4
20250403,2025-04-03,3,Thursday,3,93,14,4,April,2,2025,0,0,2024,4
20250404,2025-04-04,4,Friday,4,94,14,4,April,2,2025,0,0,2024,4
20250405,2025-04-05,5,Saturday,5,95,14,4,April,2,2025,1,0,2024,4
20250406,2025-04-06,6,Sunday,6,96,14,4,April,2,2025,1,0,2024,4
20250407,2025-04-07,0,Monday,7,97,15,4,April,2,2025,0,0,2024,4
20250408,2025-04-08,1,Tuesday,8,98,15,4,April,2,2025,0,0,2024,4
20250409,2025-04-09,2,Wednesday,9,99,15,4,April,2,2025,0,0,2024,4
20250410,2025-04-10,3,Thursday,10,100,15,4,April,2,2025,0,0,2024,4
20250411,2025-04-11,4,Friday,11,101,15,4,April,2,2025,0,0,2024,4
20250412,2025-04-12,5,Saturday,12,102,15,4,April,2,2025,1,0,2024,4
20250413,2025-04-13,6,Sunday,13,103,15,4,April,2,2025,1,0,2024,4
20250414,2025-04-14,0,Monday,14,104,16,4,April,2,2025,0,0,2024,4
20250415,2025-04-15,1,Tuesday,15,105,16,4,April,2,2025,0,0,2024,4
20250416,2025-04-16,2,Wednesday,16,106,16,4,April,2,2025,0,0,2024,4
20250417,2025-04-17,3,Thursday,17,107,16,4,April,2,2025,0,0,2024,4
20250418,2025-04-18,4,Friday,18,108,16,4,April,2,2025,0,0,2024,4
20250419,2025-04-19,5,Saturday,19,109,16,4,April,2,2025,1,0,2024,4
20250420,2025-04-20,6,Sunday,20,110,16,4,April,2,2025,1,0,2024,4
20250421,2025-04-21,0,Monday,21,111,17,4,April,2,2025,0,0,2024,4
20250422,2025-04-22,1,Tuesday,22,112,17,4,April,2,2025,0,0,2024,4
20250423,2025-04-23,2,Wednesday,23,113,17,4,April,2,2025,0,0,2024,4
20250424,2025-04-24,3,Thursday,24,114,17,4,April,2,2025,0,0,2024,4
20250425,2025-04-25,4,Friday,25,115,17,4,April,2,2025,0,0,2024,4
20250426,2025-04-26,5,Saturday,26,116,17,4,April,2,2025,1,0,2024,4
20250427,2025-04-27,6,Sunday,27,117,17,4,April,2,2025,1,0,2024,4
20250428,2025-04-28,0,Monday,28,118,18,4,April,2,2025,0,0,2024,4
20250429,2025-04-29,1,Tuesday,29,119,18,4,April,2,2025,0,0,2024,4
20250430,2025-04-30,2,Wednesday,30,120,18,4,April,2,2025,0,0,2024,4
20250501,2025-05-01,3,Thursday,1,121,18,5,May,2,2025,0,0,2024,4
20250502,2025-05-02,4,Friday,2,122,18,5,May,2,2025,0,0,2024,4
20250503,2025-05-03,5,Saturday,3,123,18,5,May,2,2025,1,0,2024,4
20250504,2025-05-04,6,Sunday,4,124,18,5,May,2,2025,1,0,2024,4
20250505,2025-05-05,0,Monday,5,125,19,5,May,2,2025,0,0,2024,4
20250506,2025-05-06,1,Tuesday,6,126,19,5,May,2,2025,0,0,2024,4
20250507,2025-05-07,2,Wednesday,7,127,19,5,May,2,2025,0,0,2024,4
20250508,2025-05-08,3,Thursday,8,128,19,5,May,2,2025,0,0,2024,4
20250509,2025-05-09,4,Friday,9,129,19,5,May,2,2025,0,0,2024,4
20250510,2025-05-10,5,Saturday,10,130,19,5,May,2,2025,1,0,2024,4
20250511,2025-05-11,6,Sunday,11,131,19,5,May,2,2025,1,0,2024,4
20250512,2025-05-12,0,Monday,12,132,20,5,May,2,2025,0,0,2024,4
20250513,2025-05-13,1,Tuesday,13,133,20,5,May,2,2025,0,0,2024,4
20250514,2025-05-14,2,Wednesday,14,134,20,5,May,2,2025,0,0,2024,4
20250515,2025-05-15,3,Thursday,15,135,20,5,May,2,2025,0,0,2024,4
20250516,2025-05-16,4,Friday,16,136,20,5,May,2,2025,0,0,2024,4
20250517,2025-05-17,5,Saturday,17,137,20,5,May,2,2025,1,0,2024,4
20250518,2025-05-18,6,Sunday,18,138,20,5,May,2,2025,1,0,2024,4
20250519,2025-05-19,0,Monday,19,139,21,5,May,2,2025,0,0,2024,4
20250520,2025-05-20,1,Tuesday,20,140,21,5,May,2,2025,0,0,2024,4
20250521,2025-05-21,2,Wednesday,21,141,21,5,May,2,2025,0,0,2024,4
20250522,2025-05-22,3,Thursday,22,142,21,5,May,2,2025,0,0,2024,4
20250523,2025-05-23,4,Friday,23,143,21,5,May,2,2025,0,0,2024,4
20250524,2025-05-24,5,Saturday,24,144,21,5,May,2,2025,1,0,2024,4
20250525,2025-05-25,6,Sunday,25,145,21,5,May,2,2025,1,0,2024,4
20250526,2025-05-26,0,Monday,26,146,22,5,May,2,2025,0,0,2024,4
20250527,2025-05-27,1,Tuesday,27,147,22,5,May,2,2025,0,0,2024,4
20250528,2025-05-28,2,Wednesday,28,148,22,5,May,2,2025,0,0,2024,4
20250529,2025-05-29,3,Thursday,29,149,22,5,May,2,2025,0,0,2024,4
20250530,2025-05-30,4,Friday,30,150,22,5,May,2,2025,0,0,2024,4
20250531,2025-05-31,5,Saturday,31,151,22,5,May,2,2025,1,0,2024,4
20250601,2025-06-01,6,Sunday,1,152,22,6,June,2,2025,1,0,2024,4
20250602,2025-06-02,0,Monday,2,153,23,6,June,2,2025,0,0,2024,4
20250603,2025-06-03,1,Tuesday,3,154,23,6,June,2,2025,0,0,2024,4
20250604,2025-06-04,2,Wednesday,4,155,23,6,June,2,2025,0,0,2024,4
20250605,2025-06-05,3,Thursday,5,156,23,6,June,2,2025,0,0,2024,4
20250606,2025-06-06,4,Friday,6,157,23,6,June,2,2025,0,0,2024,4
20250607,2025-06-07,5,Saturday,7,158,23,6,June,2,2025,1,0,2024,4
20250608,2025-06-08,6,Sunday,8,159,23,6,June,2,2025,1,0,2024,4
20250609,2025-06-09,0,Monday,9,160,24,6,June,2,2025,0,0,2024,4
20250610,2025-06-10,1,Tuesday,10,161,24,6,June,2,2025,0,0,2024,4
20250611,2025-06-11,2,Wednesday,11,162,24,6,June,2,2025,0,0,2024,4
20250612,2025-06-12,3,Thursday,12,163,24,6,June,2,2025,0,0,2024,4
20250613,2025-06-13,4,Friday,13,164,24,6,June,2,2025,0,0,2024,4
20250614,2025-06-14,5,Saturday,14,165,24,6,June,2,2025,1,0,2024,4
20250615,2025-06-15,6,Sunday,15,166,24,6,June,2,2025,1,0,2024,4
20250616,2025-06-16,0,Monday,16,167,25,6,June,2,2025,0,0,2024,4
20250617,2025-06-17,1,Tuesday,17,168,25,6,June,2,2025,0,0,2024,4
20250618,2025-06-18,2,Wednesday,18,169,25,6,June,2,2025,0,0,2024,4
20250619,2025-06-19,3,Thursday,19,170,25,6,June,2,2025,0,0,2024,4
20250620,2025-06-20,4,Friday,20,171,25,6,June,2,2025,0,0,2024,4
20250621,2025-06-21,5,Saturday,21,172,25,6,June,2,2025,1,0,2024,4
20250622,2025-06-22,6,Sunday,22,173,25,6,June,2,2025,1,0,2024,4
20250623,2025-06-23,0,Monday,23,174,26,6,June,2,2025,0,0,2024,4
20250624,2025-06-24,1,Tuesday,24,175,26,6,June,2,2025,0,0,2024,4
20250625,2025-06-25,2,Wednesday,25,176,26,6,June,2,2025,0,0,2024,4
20250626,2025-06-26,3,Thursday,26,177,26,6,June,2,2025,0,0,2024,4
20250627,2025-06-27,4,Friday,27,178,26,6,June,2,2025,0,0,2024,4
20250628,2025-06-28,5,Saturday,28,179,26,6,June,2,2025,1,0,2024,4
20250629,2025-06-29,6,Sunday,29,180,26,6,June,2,2025,1,0,2024,4
20250630,2025-06-30,0,Monday,30,181,27,6,June,2,2025,0,0,2024,4
